cement,slag,fly_ash,water,superplasticizer,coarse_agg,fine_agg,age,strength,source,temperature,humidity
540.0,0.0,0.0,162.0,2.5,1040.0,676.0,28.0,79.98611076,D1,21.0,0.49
540.0,0.0,0.0,162.0,2.5,1055.0,676.0,28.0,61.887365759999994,D1,19.7,0.42
332.5,142.5,0.0,228.0,0.0,932.0,594.0,270.0,40.269535256000005,D1,21.3,0.52
332.5,142.5,0.0,228.0,0.0,932.0,594.0,365.0,41.052779992,D1,23.0,0.53
198.6,132.4,0.0,192.0,0.0,978.4,825.5,360.0,44.296075096,D1,19.5,0.48
266.0,114.0,0.0,228.0,0.0,932.0,670.0,90.0,47.029847436,D1,19.5,0.58
380.0,95.0,0.0,228.0,0.0,932.0,594.0,365.0,43.698299404,D1,23.2,0.44
380.0,95.0,0.0,228.0,0.0,932.0,594.0,28.0,36.447769788,D1,21.5,0.43
266.0,114.0,0.0,228.0,0.0,932.0,670.0,28.0,45.854290856,D1,19.1,0.51
475.0,0.0,0.0,228.0,0.0,932.0,594.0,28.0,39.28978986,D1,21.1,0.55
198.6,132.4,0.0,192.0,0.0,978.4,825.5,90.0,38.074243671999994,D1,19.1,0.58
198.6,132.4,0.0,192.0,0.0,978.4,825.5,28.0,28.021683592,D1,19.1,0.48
427.5,47.5,0.0,228.0,0.0,932.0,594.0,270.0,43.01296026,D1,20.5,0.55
190.0,190.0,0.0,228.0,0.0,932.0,670.0,90.0,42.32693164,D1,16.2,0.5
304.0,76.0,0.0,228.0,0.0,932.0,670.0,28.0,47.813781648,D1,16.6,0.49
380.0,0.0,0.0,228.0,0.0,932.0,670.0,90.0,52.908319811999995,D1,18.9,0.54
139.6,209.4,0.0,192.0,0.0,1047.0,806.9,90.0,39.358047983999995,D1,18.0,0.53
342.0,38.0,0.0,228.0,0.0,932.0,670.0,365.0,56.141962252,D1,20.6,0.42
380.0,95.0,0.0,228.0,0.0,932.0,594.0,90.0,40.563252031999994,D1,18.2,0.57
475.0,0.0,0.0,228.0,0.0,932.0,594.0,180.0,42.620648416,D1,17.2,0.57
427.5,47.5,0.0,228.0,0.0,932.0,594.0,180.0,41.836714204,D1,22.9,0.47
139.6,209.4,0.0,192.0,0.0,1047.0,806.9,28.0,28.23748958,D1,19.5,0.52
139.6,209.4,0.0,192.0,0.0,1047.0,806.9,3.0,8.06342182,D1,20.1,0.52
139.6,209.4,0.0,192.0,0.0,1047.0,806.9,180.0,44.207822168,D1,17.2,0.51
380.0,0.0,0.0,228.0,0.0,932.0,670.0,365.0,52.516697443999995,D1,18.9,0.47
380.0,0.0,0.0,228.0,0.0,932.0,670.0,270.0,53.300631656,D1,20.2,0.47
380.0,95.0,0.0,228.0,0.0,932.0,594.0,270.0,41.15137506,D1,17.7,0.5
342.0,38.0,0.0,228.0,0.0,932.0,670.0,180.0,52.1243856,D1,20.8,0.56
427.5,47.5,0.0,228.0,0.0,932.0,594.0,28.0,37.427515183999994,D1,18.8,0.53
475.0,0.0,0.0,228.0,0.0,932.0,594.0,7.0,38.60376124,D1,19.4,0.48
304.0,76.0,0.0,228.0,0.0,932.0,670.0,365.0,55.260122448,D1,18.8,0.54
266.0,114.0,0.0,228.0,0.0,932.0,670.0,365.0,52.908319811999995,D1,23.7,0.36
198.6,132.4,0.0,192.0,0.0,978.4,825.5,180.0,41.719503284,D1,20.0,0.56
475.0,0.0,0.0,228.0,0.0,932.0,594.0,270.0,42.131120456,D1,17.9,0.41
190.0,190.0,0.0,228.0,0.0,932.0,670.0,365.0,53.69225402399999,D1,21.6,0.48
237.5,237.5,0.0,228.0,0.0,932.0,594.0,270.0,38.407950056,D1,17.6,0.44
237.5,237.5,0.0,228.0,0.0,932.0,594.0,28.0,30.079769451999997,D1,20.4,0.44
332.5,142.5,0.0,228.0,0.0,932.0,594.0,90.0,37.721921436,D1,16.1,0.56
475.0,0.0,0.0,228.0,0.0,932.0,594.0,90.0,42.229026048,D1,17.3,0.48
237.5,237.5,0.0,228.0,0.0,932.0,594.0,180.0,36.251958603999995,D1,20.4,0.52
342.0,38.0,0.0,228.0,0.0,932.0,670.0,90.0,50.45930106,D1,21.5,0.5
427.5,47.5,0.0,228.0,0.0,932.0,594.0,365.0,43.698299404,D1,20.3,0.52
237.5,237.5,0.0,228.0,0.0,932.0,594.0,365.0,38.995383608,D1,19.8,0.5
380.0,0.0,0.0,228.0,0.0,932.0,670.0,180.0,53.104130996,D1,19.4,0.44
427.5,47.5,0.0,228.0,0.0,932.0,594.0,90.0,41.542997428,D1,17.0,0.55
427.5,47.5,0.0,228.0,0.0,932.0,594.0,7.0,35.076402024,D1,18.6,0.48
349.0,0.0,0.0,192.0,0.0,1047.0,806.9,3.0,15.049192652,D1,19.1,0.42
380.0,95.0,0.0,228.0,0.0,932.0,594.0,180.0,40.759063216,D1,22.1,0.48
237.5,237.5,0.0,228.0,0.0,932.0,594.0,7.0,26.258003984,D1,20.7,0.58
380.0,95.0,0.0,228.0,0.0,932.0,594.0,7.0,32.823194456,D1,16.5,0.54
332.5,142.5,0.0,228.0,0.0,932.0,594.0,180.0,39.77931782,D1,20.6,0.48
190.0,190.0,0.0,228.0,0.0,932.0,670.0,180.0,46.931941843999994,D1,19.2,0.48
237.5,237.5,0.0,228.0,0.0,932.0,594.0,90.0,33.116911232,D1,18.6,0.48
304.0,76.0,0.0,228.0,0.0,932.0,670.0,90.0,49.185149411999994,D1,21.2,0.6
139.6,209.4,0.0,192.0,0.0,1047.0,806.9,7.0,14.58931216,D1,22.1,0.52
198.6,132.4,0.0,192.0,0.0,978.4,825.5,7.0,14.638264956,D1,21.9,0.52
475.0,0.0,0.0,228.0,0.0,932.0,594.0,365.0,41.934619796,D1,18.3,0.55
198.6,132.4,0.0,192.0,0.0,978.4,825.5,3.0,9.131420144,D1,19.4,0.51
304.0,76.0,0.0,228.0,0.0,932.0,670.0,180.0,50.94882902,D1,20.7,0.49
332.5,142.5,0.0,228.0,0.0,932.0,594.0,28.0,33.019005639999996,D1,22.0,0.49
304.0,76.0,0.0,228.0,0.0,932.0,670.0,270.0,54.378282643999995,D1,19.0,0.5
266.0,114.0,0.0,228.0,0.0,932.0,670.0,270.0,51.732763232,D1,19.6,0.5
310.0,0.0,0.0,192.0,0.0,971.0,850.6,3.0,9.86640156,D1,17.8,0.54
190.0,190.0,0.0,228.0,0.0,932.0,670.0,270.0,50.655112243999994,D1,17.6,0.5
266.0,114.0,0.0,228.0,0.0,932.0,670.0,180.0,48.695621452,D1,21.6,0.54
342.0,38.0,0.0,228.0,0.0,932.0,670.0,270.0,55.064311264,D1,22.7,0.5
139.6,209.4,0.0,192.0,0.0,1047.0,806.9,360.0,44.698039603999995,D1,19.9,0.5
332.5,142.5,0.0,228.0,0.0,932.0,594.0,7.0,30.275580636,D1,22.0,0.4
190.0,190.0,0.0,228.0,0.0,932.0,670.0,28.0,40.856968808,D1,20.7,0.55
485.0,0.0,0.0,146.0,0.0,1120.0,800.0,28.0,71.98818916,D1,18.7,0.52
374.0,189.2,0.0,170.1,10.1,926.1,756.7,3.0,34.39795764,D1,20.7,0.55
313.3,262.2,0.0,175.5,8.6,1046.9,611.8,3.0,28.79941252,D1,23.1,0.36
425.0,106.3,0.0,153.5,16.5,852.1,887.1,3.0,33.398217439999996,D1,19.9,0.6
425.0,106.3,0.0,151.4,18.6,936.0,803.7,3.0,36.3009114,D1,23.1,0.49
375.0,93.8,0.0,126.6,23.4,852.1,992.6,3.0,28.99936056,D1,14.8,0.56
475.0,118.8,0.0,181.1,8.9,852.1,781.5,3.0,37.79707432,D1,21.6,0.45
469.0,117.2,0.0,137.8,32.2,852.1,840.5,3.0,40.1964508,D1,20.2,0.53
425.0,106.3,0.0,153.5,16.5,852.1,887.1,3.0,33.398217439999996,D1,19.4,0.45
388.6,97.1,0.0,157.9,12.1,852.1,925.7,3.0,28.096147,D1,20.2,0.47
531.3,0.0,0.0,141.8,28.2,852.1,893.7,3.0,41.2996124,D1,16.0,0.6
425.0,106.3,0.0,153.5,16.5,852.1,887.1,3.0,33.398217439999996,D1,19.6,0.49
318.8,212.5,0.0,155.7,14.3,852.1,880.4,3.0,25.2003478,D1,20.7,0.51
401.8,94.7,0.0,147.4,11.4,946.8,852.1,3.0,41.09966436,D1,23.0,0.54
362.6,189.0,0.0,164.9,11.6,944.7,755.8,3.0,35.3011712,D1,19.0,0.52
323.7,282.8,0.0,183.8,10.3,942.7,659.9,3.0,28.296095039999997,D1,18.4,0.51
379.5,151.2,0.0,153.9,15.9,1134.3,605.0,3.0,28.59946448,D1,19.0,0.52
362.6,189.0,0.0,164.9,11.6,944.7,755.8,3.0,35.3011712,D1,21.8,0.62
286.3,200.9,0.0,144.7,11.2,1004.6,803.7,3.0,24.40055564,D1,20.7,0.5
362.6,189.0,0.0,164.9,11.6,944.7,755.8,3.0,35.3011712,D1,18.9,0.51
439.0,177.0,0.0,186.0,11.1,884.9,707.9,3.0,39.300132,D1,21.0,0.55
389.9,189.0,0.0,145.9,22.0,944.7,755.8,3.0,40.59634688,D1,20.2,0.56
362.6,189.0,0.0,164.9,11.6,944.7,755.8,3.0,35.3011712,D1,21.9,0.56
337.9,189.0,0.0,174.9,9.5,944.7,755.8,3.0,24.0971862,D1,18.6,0.53
374.0,189.2,0.0,170.1,10.1,926.1,756.7,7.0,46.20178676,D1,19.3,0.44
313.3,262.2,0.0,175.5,8.6,1046.9,611.8,7.0,42.79577532,D1,19.2,0.58
425.0,106.3,0.0,153.5,16.5,852.1,887.1,7.0,49.20100736,D1,17.1,0.44
425.0,106.3,0.0,151.4,18.6,936.0,803.7,7.0,46.80163088,D1,20.6,0.52
375.0,93.8,0.0,126.6,23.4,852.1,992.6,7.0,45.69846928,D1,20.5,0.46
475.0,118.8,0.0,181.1,8.9,852.1,781.5,7.0,55.59934464,D1,20.0,0.5
469.0,117.2,0.0,137.8,32.2,852.1,840.5,7.0,54.89607912,D1,19.5,0.52
425.0,106.3,0.0,153.5,16.5,852.1,887.1,7.0,49.20100736,D1,17.2,0.52
388.6,97.1,0.0,157.9,12.1,852.1,925.7,7.0,34.90127512,D1,19.2,0.52
531.3,0.0,0.0,141.8,28.2,852.1,893.7,7.0,46.89815752,D1,19.3,0.58
425.0,106.3,0.0,153.5,16.5,852.1,887.1,7.0,49.20100736,D1,18.4,0.52
318.8,212.5,0.0,155.7,14.3,852.1,880.4,7.0,33.398217439999996,D1,19.7,0.49
401.8,94.7,0.0,147.4,11.4,946.8,852.1,7.0,54.09628696,D1,20.8,0.55
362.6,189.0,0.0,164.9,11.6,944.7,755.8,7.0,55.89581932,D1,23.8,0.56
323.7,282.8,0.0,183.8,10.3,942.7,659.9,7.0,49.80085148,D1,20.3,0.44
379.5,151.2,0.0,153.9,15.9,1134.3,605.0,7.0,47.09810556,D1,20.5,0.53
362.6,189.0,0.0,164.9,11.6,944.7,755.8,7.0,55.89581932,D1,19.9,0.54
286.3,200.9,0.0,144.7,11.2,1004.6,803.7,7.0,37.997022359999995,D1,16.2,0.49
362.6,189.0,0.0,164.9,11.6,944.7,755.8,7.0,55.89581932,D1,19.9,0.57
439.0,177.0,0.0,186.0,11.1,884.9,707.9,7.0,56.09576736,D1,20.1,0.49
389.9,189.0,0.0,145.9,22.0,944.7,755.8,7.0,59.09498796,D1,24.9,0.51
362.6,189.0,0.0,164.9,11.6,944.7,755.8,7.0,22.89749796,D1,19.6,0.49
337.9,189.0,0.0,174.9,9.5,944.7,755.8,7.0,35.101223159999996,D1,20.6,0.5
374.0,189.2,0.0,170.1,10.1,926.1,756.7,28.0,61.09446836,D1,19.9,0.45
313.3,262.2,0.0,175.5,8.6,1046.9,611.8,28.0,59.79825348,D1,17.7,0.43
425.0,106.3,0.0,153.5,16.5,852.1,887.1,28.0,60.2946762,D1,22.3,0.58
425.0,106.3,0.0,151.4,18.6,936.0,803.7,28.0,61.79773388,D1,21.5,0.46
375.0,93.8,0.0,126.6,23.4,852.1,992.6,28.0,56.69561148,D1,21.6,0.45
475.0,118.8,0.0,181.1,8.9,852.1,781.5,28.0,68.29949256,D1,18.2,0.39
469.0,117.2,0.0,137.8,32.2,852.1,840.5,28.0,66.89985628,D1,22.8,0.47
425.0,106.3,0.0,153.5,16.5,852.1,887.1,28.0,60.2946762,D1,17.2,0.43
388.6,97.1,0.0,157.9,12.1,852.1,925.7,28.0,50.69717028,D1,21.2,0.58
531.3,0.0,0.0,141.8,28.2,852.1,893.7,28.0,56.3991368,D1,24.4,0.55
425.0,106.3,0.0,153.5,16.5,852.1,887.1,28.0,60.2946762,D1,18.0,0.47
318.8,212.5,0.0,155.7,14.3,852.1,880.4,28.0,55.49592324,D1,18.9,0.61
401.8,94.7,0.0,147.4,11.4,946.8,852.1,28.0,68.4994406,D1,20.2,0.55
362.6,189.0,0.0,164.9,11.6,944.7,755.8,28.0,71.29871315999999,D1,19.0,0.48
323.7,282.8,0.0,183.8,10.3,942.7,659.9,28.0,74.69782984,D1,16.9,0.38
379.5,151.2,0.0,153.9,15.9,1134.3,605.0,28.0,52.20022796,D1,20.1,0.61
362.6,189.0,0.0,164.9,11.6,944.7,755.8,28.0,71.29871315999999,D1,17.9,0.43
286.3,200.9,0.0,144.7,11.2,1004.6,803.7,28.0,67.69964844,D1,20.9,0.42
362.6,189.0,0.0,164.9,11.6,944.7,755.8,28.0,71.29871315999999,D1,18.2,0.55
439.0,177.0,0.0,186.0,11.1,884.9,707.9,28.0,65.99664272,D1,23.1,0.62
389.9,189.0,0.0,145.9,22.0,944.7,755.8,28.0,74.4978818,D1,18.4,0.57
362.6,189.0,0.0,164.9,11.6,944.7,755.8,28.0,71.29871315999999,D1,19.4,0.53
337.9,189.0,0.0,174.9,9.5,944.7,755.8,28.0,49.89737812,D1,21.6,0.53
374.0,189.2,0.0,170.1,10.1,926.1,756.7,56.0,63.3973182,D1,17.5,0.54
313.3,262.2,0.0,175.5,8.6,1046.9,611.8,56.0,64.90037588,D1,20.5,0.54
425.0,106.3,0.0,153.5,16.5,852.1,887.1,56.0,64.30053176,D1,22.6,0.51
425.0,106.3,0.0,151.4,18.6,936.0,803.7,56.0,64.90037588,D1,16.8,0.51
375.0,93.8,0.0,126.6,23.4,852.1,992.6,56.0,60.19814956,D1,20.4,0.5
475.0,118.8,0.0,181.1,8.9,852.1,781.5,56.0,72.29845336,D1,20.5,0.46
469.0,117.2,0.0,137.8,32.2,852.1,840.5,56.0,69.29923276,D1,21.6,0.49
425.0,106.3,0.0,153.5,16.5,852.1,887.1,56.0,64.30053176,D1,17.5,0.42
388.6,97.1,0.0,157.9,12.1,852.1,925.7,56.0,55.19944856,D1,17.4,0.5
531.3,0.0,0.0,141.8,28.2,852.1,893.7,56.0,58.798513279999995,D1,21.0,0.45
425.0,106.3,0.0,153.5,16.5,852.1,887.1,56.0,64.30053176,D1,20.6,0.44
318.8,212.5,0.0,155.7,14.3,852.1,880.4,56.0,66.10006412,D1,20.5,0.51
401.8,94.7,0.0,147.4,11.4,946.8,852.1,56.0,73.69808963999999,D1,20.7,0.57
362.6,189.0,0.0,164.9,11.6,944.7,755.8,56.0,77.29715436,D1,18.6,0.55
323.7,282.8,0.0,183.8,10.3,942.7,659.9,56.0,80.19984832,D1,20.5,0.42
379.5,151.2,0.0,153.9,15.9,1134.3,605.0,56.0,54.89607912,D1,20.6,0.45
362.6,189.0,0.0,164.9,11.6,944.7,755.8,56.0,77.29715436,D1,18.6,0.55
286.3,200.9,0.0,144.7,11.2,1004.6,803.7,56.0,72.99482412,D1,23.7,0.45
362.6,189.0,0.0,164.9,11.6,944.7,755.8,56.0,77.29715436,D1,20.9,0.49
439.0,177.0,0.0,186.0,11.1,884.9,707.9,56.0,71.69860924,D1,17.6,0.53
389.9,189.0,0.0,145.9,22.0,944.7,755.8,56.0,79.40005615999999,D1,21.3,0.45
362.6,189.0,0.0,164.9,11.6,944.7,755.8,56.0,77.29715436,D1,18.1,0.51
337.9,189.0,0.0,174.9,9.5,944.7,755.8,56.0,59.89478012,D1,21.6,0.43
374.0,189.2,0.0,170.1,10.1,926.1,756.7,91.0,64.90037588,D1,22.3,0.47
313.3,262.2,0.0,175.5,8.6,1046.9,611.8,91.0,66.59648684,D1,18.4,0.52
425.0,106.3,0.0,153.5,16.5,852.1,887.1,91.0,65.19685056,D1,21.9,0.42
425.0,106.3,0.0,151.4,18.6,936.0,803.7,91.0,66.69990824,D1,20.8,0.52
375.0,93.8,0.0,126.6,23.4,852.1,992.6,91.0,62.5009994,D1,21.6,0.5
475.0,118.8,0.0,181.1,8.9,852.1,781.5,91.0,74.19451236,D1,23.8,0.53
469.0,117.2,0.0,137.8,32.2,852.1,840.5,91.0,70.69886903999999,D1,19.5,0.51
425.0,106.3,0.0,153.5,16.5,852.1,887.1,91.0,65.19685056,D1,18.5,0.57
388.6,97.1,0.0,157.9,12.1,852.1,925.7,91.0,57.59882504,D1,18.2,0.51
531.3,0.0,0.0,141.8,28.2,852.1,893.7,91.0,59.19840936,D1,18.4,0.48
425.0,106.3,0.0,153.5,16.5,852.1,887.1,91.0,65.19685056,D1,19.8,0.51
318.8,212.5,0.0,155.7,14.3,852.1,880.4,91.0,68.09954452,D1,20.7,0.53
401.8,94.7,0.0,147.4,11.4,946.8,852.1,91.0,75.49762199999999,D1,20.6,0.5
362.6,189.0,0.0,164.9,11.6,944.7,755.8,91.0,79.29663476,D1,21.7,0.5
379.5,151.2,0.0,153.9,15.9,1134.3,605.0,91.0,56.49566344,D1,20.0,0.46
362.6,189.0,0.0,164.9,11.6,944.7,755.8,91.0,79.29663476,D1,22.9,0.47
286.3,200.9,0.0,144.7,11.2,1004.6,803.7,91.0,76.80073164,D1,19.5,0.43
362.6,189.0,0.0,164.9,11.6,944.7,755.8,91.0,79.29663476,D1,25.4,0.59
439.0,177.0,0.0,186.0,11.1,884.9,707.9,91.0,73.29819356,D1,21.3,0.44
389.9,189.0,0.0,145.9,22.0,944.7,755.8,91.0,82.5992248,D1,18.3,0.47
362.6,189.0,0.0,164.9,11.6,944.7,755.8,91.0,79.29663476,D1,17.9,0.46
337.9,189.0,0.0,174.9,9.5,944.7,755.8,91.0,67.79617508,D1,21.0,0.54
222.36,0.0,96.67,189.29,4.46,967.08,870.32,3.0,11.57630204,D1,19.6,0.49
222.36,0.0,96.67,189.29,4.46,967.08,870.32,14.0,24.44881896,D1,21.4,0.56
222.36,0.0,96.67,189.29,4.46,967.08,870.32,28.0,24.8900836,D1,20.9,0.47
222.36,0.0,96.67,189.29,4.46,967.08,870.32,56.0,29.447519959999997,D1,19.9,0.51
222.36,0.0,96.67,189.29,4.46,967.08,870.32,100.0,40.7135578,D1,18.3,0.46
233.81,0.0,94.58,197.89,4.567,947.04,852.16,3.0,10.38350856,D1,17.0,0.61
233.81,0.0,94.58,197.89,4.567,947.04,852.16,14.0,22.13907436,D1,19.1,0.44
233.81,0.0,94.58,197.89,4.567,947.04,852.16,28.0,22.83544512,D1,21.7,0.52
233.81,0.0,94.58,197.89,4.567,947.04,852.16,56.0,27.66177712,D1,20.4,0.53
233.81,0.0,94.58,197.89,4.567,947.04,852.16,100.0,34.55653712,D1,17.5,0.52
194.68,0.0,100.52,165.62,7.48,1006.4,905.9,3.0,12.45193656,D1,20.3,0.49
194.68,0.0,100.52,165.62,7.48,1006.4,905.9,14.0,24.986610239999997,D1,20.8,0.49
194.68,0.0,100.52,165.62,7.48,1006.4,905.9,28.0,25.72434956,D1,18.2,0.5
194.68,0.0,100.52,165.62,7.48,1006.4,905.9,56.0,33.963587759999996,D1,20.3,0.49
194.68,0.0,100.52,165.62,7.48,1006.4,905.9,100.0,37.34202016,D1,20.1,0.55
190.68,0.0,125.4,162.14,7.77,1090.0,804.01,3.0,15.04436632,D1,17.7,0.61
190.68,0.0,125.4,162.14,7.77,1090.0,804.01,14.0,21.0634918,D1,20.7,0.47
190.68,0.0,125.4,162.14,7.77,1090.0,804.01,28.0,26.40003604,D1,21.1,0.43
190.68,0.0,125.4,162.14,7.77,1090.0,804.01,56.0,35.34253976,D1,22.2,0.5
190.68,0.0,125.4,162.14,7.77,1090.0,804.01,100.0,40.56876784,D1,22.1,0.63
212.07,0.0,121.62,180.31,5.69,1057.6,779.32,3.0,12.47262084,D1,17.2,0.46
212.07,0.0,121.62,180.31,5.69,1057.6,779.32,14.0,20.91870184,D1,18.1,0.58
212.07,0.0,121.62,180.31,5.69,1057.6,779.32,28.0,24.90387312,D1,21.0,0.58
212.07,0.0,121.62,180.31,5.69,1057.6,779.32,56.0,34.20490436,D1,21.0,0.47
212.07,0.0,121.62,180.31,5.69,1057.6,779.32,100.0,39.6103962,D1,21.0,0.53
229.97,0.0,118.31,195.47,4.63,1029.4,758.59,3.0,10.0318758,D1,27.7,0.58
229.97,0.0,118.31,195.47,4.63,1029.4,758.59,14.0,20.08443588,D1,21.1,0.48
229.97,0.0,118.31,195.47,4.63,1029.4,758.59,28.0,24.48329276,D1,22.3,0.49
229.97,0.0,118.31,195.47,4.63,1029.4,758.59,56.0,31.53663224,D1,21.9,0.47
229.97,0.0,118.31,195.47,4.63,1029.4,758.59,100.0,35.34253976,D1,21.3,0.45
190.34,0.0,125.18,161.85,9.88,1088.1,802.59,3.0,9.4458212,D1,19.4,0.47
190.34,0.0,125.18,161.85,9.88,1088.1,802.59,14.0,22.7182342,D1,21.5,0.44
190.34,0.0,125.18,161.85,9.88,1088.1,802.59,28.0,28.46846404,D1,18.5,0.5
190.34,0.0,125.18,161.85,9.88,1088.1,802.59,56.0,38.56239268,D1,19.5,0.46
190.34,0.0,125.18,161.85,9.88,1088.1,802.59,100.0,40.38950408,D1,19.0,0.51
166.09,0.0,163.27,176.46,4.49,1058.6,780.09,3.0,10.76272036,D1,20.2,0.42
166.09,0.0,163.27,176.46,4.49,1058.6,780.09,14.0,25.48303296,D1,24.6,0.52
166.09,0.0,163.27,176.46,4.49,1058.6,780.09,28.0,21.53923024,D1,16.3,0.54
166.09,0.0,163.27,176.46,4.49,1058.6,780.09,56.0,28.62704352,D1,21.4,0.4
166.09,0.0,163.27,176.46,4.49,1058.6,780.09,100.0,33.5430074,D1,16.8,0.52
167.95,42.08,163.83,121.75,5.72,1058.7,780.11,3.0,7.74971024,D1,19.1,0.56
167.95,42.08,163.83,121.75,5.72,1058.7,780.11,14.0,17.8229546,D1,22.2,0.44
167.95,42.08,163.83,121.75,5.72,1058.7,780.11,28.0,24.24197616,D1,20.1,0.58
167.95,42.08,163.83,121.75,5.72,1058.7,780.11,56.0,32.8535314,D1,17.8,0.52
167.95,42.08,163.83,121.75,5.72,1058.7,780.11,100.0,39.2311844,D1,18.6,0.46
213.72,98.05,24.51,181.71,6.86,1065.8,785.38,3.0,17.9953236,D1,21.4,0.5
213.72,98.05,24.51,181.71,6.86,1065.8,785.38,14.0,30.38520732,D1,18.5,0.53
213.72,98.05,24.51,181.71,6.86,1065.8,785.38,28.0,45.70536404,D1,20.4,0.5
213.72,98.05,24.51,181.71,6.86,1065.8,785.38,56.0,50.77301264,D1,20.1,0.53
213.72,98.05,24.51,181.71,6.86,1065.8,785.38,100.0,53.90323368,D1,18.7,0.45
213.76,98.06,24.52,181.74,6.65,1066.0,785.52,3.0,13.18278112,D1,24.3,0.51
213.76,98.06,24.52,181.74,6.65,1066.0,785.52,14.0,17.83674412,D1,21.3,0.43
213.76,98.06,24.52,181.74,6.65,1066.0,785.52,28.0,40.2309246,D1,15.9,0.49
213.76,98.06,24.52,181.74,6.65,1066.0,785.52,56.0,47.13257936,D1,20.4,0.45
213.76,98.06,24.52,181.74,6.65,1066.0,785.52,100.0,49.973220479999995,D1,18.7,0.46
229.68,0.0,118.16,195.23,6.13,1028.1,757.63,3.0,13.35515012,D1,21.7,0.56
229.68,0.0,118.16,195.23,6.13,1028.1,757.63,14.0,22.31833812,D1,18.4,0.55
229.68,0.0,118.16,195.23,6.13,1028.1,757.63,28.0,24.53845084,D1,19.8,0.53
229.68,0.0,118.16,195.23,6.13,1028.1,757.63,56.0,31.35047372,D1,21.0,0.45
229.68,0.0,118.16,195.23,6.13,1028.1,757.63,100.0,40.85834776,D1,21.7,0.48
238.05,0.0,94.11,186.66,7.0,949.91,847.01,3.0,19.93275116,D1,17.6,0.56
238.05,0.0,94.11,186.66,7.0,949.91,847.01,14.0,25.68987576,D1,19.3,0.51
238.05,0.0,94.11,186.66,7.0,949.91,847.01,28.0,30.2335226,D1,19.1,0.62
238.05,0.0,94.11,186.66,7.0,949.91,847.01,56.0,39.58971192,D1,18.7,0.52
238.05,0.0,94.11,186.66,7.0,949.91,847.01,100.0,44.298833,D1,23.5,0.51
250.0,0.0,95.69,187.42,5.53,956.86,861.17,3.0,13.81709904,D1,20.8,0.48
250.0,0.0,95.69,187.42,5.53,956.86,861.17,14.0,24.91766264,D1,17.5,0.51
250.0,0.0,95.69,187.42,5.53,956.86,861.17,28.0,29.21999288,D1,21.8,0.49
250.0,0.0,95.69,187.42,5.53,956.86,861.17,56.0,38.32797084,D1,24.2,0.54
250.0,0.0,95.69,187.42,5.53,956.86,861.17,100.0,42.34761592,D1,22.1,0.55
212.52,0.0,100.37,159.32,8.71,1007.8,903.59,3.0,13.54130864,D1,17.0,0.46
212.52,0.0,100.37,159.32,8.71,1007.8,903.59,14.0,26.310404159999997,D1,19.0,0.43
212.52,0.0,100.37,159.32,8.71,1007.8,903.59,28.0,31.64005364,D1,22.5,0.41
212.52,0.0,100.37,159.32,8.71,1007.8,903.59,56.0,42.54756396,D1,18.6,0.53
212.52,0.0,100.37,159.32,8.71,1007.8,903.59,100.0,42.919881,D1,20.9,0.44
212.57,0.0,100.39,159.35,10.37,1003.8,903.79,3.0,13.33446584,D1,21.5,0.39
212.57,0.0,100.39,159.35,10.37,1003.8,903.79,14.0,25.3727168,D1,18.1,0.52
212.57,0.0,100.39,159.35,10.37,1003.8,903.79,28.0,37.404073,D1,19.9,0.62
212.57,0.0,100.39,159.35,10.37,1003.8,903.79,56.0,44.395359639999995,D1,13.5,0.5
212.57,0.0,100.39,159.35,10.37,1003.8,903.79,100.0,47.73931824,D1,18.0,0.54
212.0,0.0,124.78,159.0,7.84,1085.4,799.54,3.0,19.51906556,D1,19.5,0.5
212.0,0.0,124.78,159.0,7.84,1085.4,799.54,14.0,31.35047372,D1,17.5,0.5
212.0,0.0,124.78,159.0,7.84,1085.4,799.54,28.0,38.500339839999995,D1,23.3,0.55
212.0,0.0,124.78,159.0,7.84,1085.4,799.54,56.0,45.08483564,D1,17.1,0.49
212.0,0.0,124.78,159.0,7.84,1085.4,799.54,100.0,47.8151606,D1,19.1,0.51
231.75,0.0,121.62,173.96,6.72,1056.4,778.45,3.0,15.43736764,D1,20.3,0.52
231.75,0.0,121.62,173.96,6.72,1056.4,778.45,14.0,26.77235308,D1,22.9,0.47
231.75,0.0,121.62,173.96,6.72,1056.4,778.45,28.0,33.72916592,D1,17.1,0.55
231.75,0.0,121.62,173.96,6.72,1056.4,778.45,56.0,42.69924868,D1,22.3,0.49
231.75,0.0,121.62,173.96,6.72,1056.4,778.45,100.0,45.83636448,D1,20.0,0.46
251.37,0.0,118.27,188.45,5.75,1028.4,757.73,3.0,17.22311048,D1,18.0,0.53
251.37,0.0,118.27,188.45,5.75,1028.4,757.73,14.0,29.93015316,D1,20.9,0.46
251.37,0.0,118.27,188.45,5.75,1028.4,757.73,28.0,29.65436276,D1,20.4,0.5
251.37,0.0,118.27,188.45,5.75,1028.4,757.73,56.0,36.96970312,D1,18.8,0.5
251.37,0.0,118.27,188.45,5.75,1028.4,757.73,100.0,43.58177796,D1,20.1,0.55
251.37,0.0,118.27,188.45,6.35,1028.4,757.73,3.0,13.12072828,D1,19.2,0.52
251.37,0.0,118.27,188.45,6.35,1028.4,757.73,14.0,24.42813468,D1,20.2,0.5
251.37,0.0,118.27,188.45,6.35,1028.4,757.73,28.0,32.66047812,D1,21.3,0.54
251.37,0.0,118.27,188.45,6.35,1028.4,757.73,56.0,36.63875464,D1,23.2,0.57
251.37,0.0,118.27,188.45,6.35,1028.4,757.73,100.0,44.20920112,D1,17.5,0.53
181.38,0.0,167.01,169.59,7.56,1055.6,777.8,3.0,13.62404576,D1,24.3,0.5
181.38,0.0,167.01,169.59,7.56,1055.6,777.8,14.0,21.60128308,D1,16.1,0.43
181.38,0.0,167.01,169.59,7.56,1055.6,777.8,28.0,27.77209328,D1,19.7,0.45
181.38,0.0,167.01,169.59,7.56,1055.6,777.8,56.0,35.570066839999996,D1,21.2,0.48
181.38,0.0,167.01,169.59,7.56,1055.6,777.8,100.0,45.3675208,D1,20.6,0.47
182.04,45.21,121.97,170.21,8.19,1059.4,780.65,3.0,7.31534036,D1,18.8,0.49
182.04,45.21,121.97,170.21,8.19,1059.4,780.65,14.0,21.50475644,D1,19.6,0.5
182.04,45.21,121.97,170.21,8.19,1059.4,780.65,28.0,31.2677366,D1,19.0,0.53
182.04,45.21,121.97,170.21,8.19,1059.4,780.65,56.0,43.49904084,D1,18.8,0.5
182.04,45.21,121.97,170.21,8.19,1059.4,780.65,100.0,48.67011084,D1,21.7,0.52
168.88,42.22,124.25,158.33,10.83,1080.8,796.15,3.0,7.39807748,D1,20.7,0.5
168.88,42.22,124.25,158.33,10.83,1080.8,796.15,14.0,23.5111316,D1,18.6,0.4
168.88,42.22,124.25,158.33,10.83,1080.8,796.15,28.0,31.11605188,D1,21.8,0.45
168.88,42.22,124.25,158.33,10.83,1080.8,796.15,56.0,39.14844728,D1,20.6,0.49
168.88,42.22,124.25,158.33,10.83,1080.8,796.15,100.0,48.15300384,D1,21.6,0.44
290.35,0.0,96.18,168.08,9.41,961.18,865.0,3.0,22.50449664,D1,21.3,0.53
290.35,0.0,96.18,168.08,9.41,961.18,865.0,14.0,34.67374804,D1,18.3,0.58
290.35,0.0,96.18,168.08,9.41,961.18,865.0,28.0,34.73580088,D1,18.9,0.56
290.35,0.0,96.18,168.08,9.41,961.18,865.0,56.0,45.08483564,D1,21.5,0.49
290.35,0.0,96.18,168.08,9.41,961.18,865.0,100.0,48.97348028,D1,21.2,0.57
277.05,0.0,97.39,160.6,11.83,973.9,875.61,3.0,23.13881456,D1,20.0,0.51
277.05,0.0,97.39,160.6,11.83,973.9,875.61,14.0,41.885667,D1,20.2,0.48
277.05,0.0,97.39,160.6,11.83,973.9,875.61,28.0,48.28400428,D1,22.6,0.47
277.05,0.0,97.39,160.6,11.83,973.9,875.61,56.0,51.03501352,D1,18.8,0.48
277.05,0.0,97.39,160.6,11.83,973.9,875.61,100.0,55.6407132,D1,21.1,0.48
295.71,0.0,95.64,171.54,8.87,955.14,859.2,3.0,22.94576128,D1,19.6,0.51
295.71,0.0,95.64,171.54,8.87,955.14,859.2,14.0,35.2322236,D1,19.6,0.51
295.71,0.0,95.64,171.54,8.87,955.14,859.2,28.0,39.94134468,D1,22.2,0.5
295.71,0.0,95.64,171.54,8.87,955.14,859.2,56.0,48.71837416,D1,21.7,0.52
295.71,0.0,95.64,171.54,8.87,955.14,859.2,100.0,52.04164848,D1,21.6,0.56
251.81,0.0,99.94,146.14,12.35,1006.0,899.76,3.0,21.02212324,D1,22.6,0.55
251.81,0.0,99.94,146.14,12.35,1006.0,899.76,14.0,33.35684888,D1,20.0,0.43
251.81,0.0,99.94,146.14,12.35,1006.0,899.76,28.0,33.94290348,D1,21.4,0.37
251.81,0.0,99.94,146.14,12.35,1006.0,899.76,56.0,44.14025352,D1,19.4,0.55
251.81,0.0,99.94,146.14,12.35,1006.0,899.76,100.0,45.3675208,D1,20.6,0.43
249.1,0.0,98.75,158.11,12.8,987.76,889.01,3.0,15.36152528,D1,19.7,0.49
249.1,0.0,98.75,158.11,12.8,987.76,889.01,14.0,28.6822016,D1,20.2,0.44
249.1,0.0,98.75,158.11,12.8,987.76,889.01,28.0,30.84715624,D1,21.2,0.41
249.1,0.0,98.75,158.11,12.8,987.76,889.01,56.0,42.030456959999995,D1,18.4,0.53
249.1,0.0,98.75,158.11,12.8,987.76,889.01,100.0,51.0556978,D1,24.2,0.54
252.31,0.0,98.75,146.25,14.17,987.76,889.01,3.0,21.78054684,D1,18.0,0.47
252.31,0.0,98.75,146.25,14.17,987.76,889.01,14.0,42.29245784,D1,17.6,0.37
252.31,0.0,98.75,146.25,14.17,987.76,889.01,28.0,50.60064364,D1,22.3,0.47
252.31,0.0,98.75,146.25,14.17,987.76,889.01,56.0,55.82687172,D1,21.6,0.52
252.31,0.0,98.75,146.25,14.17,987.76,889.01,100.0,60.9496784,D1,21.2,0.43
246.83,0.0,125.08,143.3,11.99,1086.8,800.89,3.0,23.52492112,D1,21.3,0.51
246.83,0.0,125.08,143.3,11.99,1086.8,800.89,14.0,42.21661548,D1,20.0,0.5
246.83,0.0,125.08,143.3,11.99,1086.8,800.89,28.0,52.5035974,D1,18.2,0.53
246.83,0.0,125.08,143.3,11.99,1086.8,800.89,56.0,60.32225524,D1,20.2,0.51
246.83,0.0,125.08,143.3,11.99,1086.8,800.89,100.0,66.42411784,D1,18.6,0.45
275.07,0.0,121.35,159.48,9.9,1053.6,777.5,3.0,23.80071152,D1,22.0,0.56
275.07,0.0,121.35,159.48,9.9,1053.6,777.5,14.0,38.76923548,D1,19.7,0.49
275.07,0.0,121.35,159.48,9.9,1053.6,777.5,28.0,51.331488199999995,D1,18.3,0.5
275.07,0.0,121.35,159.48,9.9,1053.6,777.5,56.0,56.847296199999995,D1,19.4,0.45
275.07,0.0,121.35,159.48,9.9,1053.6,777.5,100.0,58.60546,D1,20.8,0.48
297.16,0.0,117.54,174.8,9.52,1022.8,753.45,3.0,21.91154728,D1,18.9,0.46
297.16,0.0,117.54,174.8,9.52,1022.8,753.45,14.0,36.9903874,D1,18.4,0.49
297.16,0.0,117.54,174.8,9.52,1022.8,753.45,28.0,47.401475,D1,20.5,0.59
297.16,0.0,117.54,174.8,9.52,1022.8,753.45,56.0,51.95891136,D1,20.5,0.43
297.16,0.0,117.54,174.8,9.52,1022.8,753.45,100.0,56.7438748,D1,19.0,0.42
213.74,0.0,174.74,154.79,10.16,1053.5,776.35,3.0,17.57474324,D1,19.1,0.57
213.74,0.0,174.74,154.79,10.16,1053.5,776.35,14.0,33.72916592,D1,20.5,0.49
213.74,0.0,174.74,154.79,10.16,1053.5,776.35,28.0,40.14818748,D1,17.1,0.47
213.74,0.0,174.74,154.79,10.16,1053.5,776.35,56.0,46.6430514,D1,17.2,0.55
213.74,0.0,174.74,154.79,10.16,1053.5,776.35,100.0,50.07664188,D1,18.6,0.47
213.5,0.0,174.24,154.61,11.66,1052.3,775.48,3.0,17.36790044,D1,19.6,0.59
213.5,0.0,174.24,154.61,11.66,1052.3,775.48,14.0,33.70158688,D1,20.6,0.53
213.5,0.0,174.24,154.61,11.66,1052.3,775.48,28.0,45.939785879999995,D1,23.0,0.48
213.5,0.0,174.24,154.61,11.66,1052.3,775.48,56.0,51.4349096,D1,21.7,0.61
213.5,0.0,174.24,154.61,11.66,1052.3,775.48,100.0,59.30183076,D1,19.7,0.47
277.19,97.82,24.46,160.7,11.19,1061.7,782.46,3.0,30.44726016,D1,20.0,0.54
277.19,97.82,24.46,160.7,11.19,1061.7,782.46,14.0,47.7117392,D1,18.0,0.51
277.19,97.82,24.46,160.7,11.19,1061.7,782.46,28.0,63.14221208,D1,20.0,0.57
277.19,97.82,24.46,160.7,11.19,1061.7,782.46,56.0,66.82401392,D1,19.4,0.58
277.19,97.82,24.46,160.7,11.19,1061.7,782.46,100.0,66.9481196,D1,20.6,0.5
218.23,54.64,123.78,140.75,11.91,1075.7,792.67,3.0,27.42046052,D1,18.3,0.46
218.23,54.64,123.78,140.75,11.91,1075.7,792.67,14.0,35.9561734,D1,21.0,0.52
218.23,54.64,123.78,140.75,11.91,1075.7,792.67,28.0,55.50971276,D1,23.1,0.47
218.23,54.64,123.78,140.75,11.91,1075.7,792.67,56.0,61.99078716,D1,19.8,0.6
218.23,54.64,123.78,140.75,11.91,1075.7,792.67,100.0,63.528318639999995,D1,20.8,0.51
214.9,53.8,121.89,155.63,9.61,1014.3,780.58,3.0,18.01600788,D1,21.4,0.48
214.9,53.8,121.89,155.63,9.61,1014.3,780.58,14.0,38.60376124,D1,19.2,0.51
214.9,53.8,121.89,155.63,9.61,1014.3,780.58,28.0,52.20022796,D1,20.4,0.43
214.9,53.8,121.89,155.63,9.61,1014.3,780.58,56.0,53.95839176,D1,20.0,0.45
214.9,53.8,121.89,155.63,9.61,1014.3,780.58,100.0,56.63355864,D1,20.2,0.56
218.85,0.0,124.13,158.49,11.33,1078.7,794.91,3.0,15.340841,D1,18.5,0.47
218.85,0.0,124.13,158.49,11.33,1078.7,794.91,14.0,26.04840328,D1,20.0,0.45
218.85,0.0,124.13,158.49,11.33,1078.7,794.91,28.0,30.219733079999997,D1,21.0,0.53
218.85,0.0,124.13,158.49,11.33,1078.7,794.91,56.0,37.2661778,D1,22.9,0.56
218.85,0.0,124.13,158.49,11.33,1078.7,794.91,100.0,46.2293658,D1,21.9,0.54
376.0,0.0,0.0,214.6,0.0,1003.5,762.36,3.0,16.27852836,D1,24.3,0.55
376.0,0.0,0.0,214.6,0.0,1003.5,762.36,14.0,25.62092816,D1,18.5,0.46
376.0,0.0,0.0,214.6,0.0,1003.5,762.36,28.0,31.97100212,D1,21.7,0.43
376.0,0.0,0.0,214.6,0.0,1003.5,762.36,56.0,36.3009114,D1,20.4,0.58
376.0,0.0,0.0,214.6,0.0,1003.5,762.36,100.0,43.0577762,D1,24.4,0.48
500.0,0.0,0.0,140.0,4.0,966.0,853.0,28.0,67.568648,D1,18.4,0.49
475.0,0.0,59.0,142.0,1.9,1098.0,641.0,28.0,57.226507999999995,D1,18.3,0.57
315.0,137.0,0.0,145.0,5.9,1130.0,745.0,28.0,81.75116932,D1,18.8,0.53
505.0,0.0,60.0,195.0,0.0,1030.0,630.0,28.0,64.0178466,D1,15.8,0.52
451.0,0.0,0.0,165.0,11.25,1030.0,745.0,28.0,78.80021203999999,D1,18.9,0.61
516.0,0.0,0.0,162.0,8.2,801.0,802.0,28.0,41.36856,D1,18.5,0.47
520.0,0.0,0.0,170.0,5.2,855.0,855.0,28.0,60.280886679999995,D1,20.3,0.55
528.0,0.0,0.0,185.0,6.86,920.0,720.0,28.0,56.83350668,D1,20.7,0.5
520.0,0.0,0.0,175.0,5.2,870.0,805.0,28.0,51.021224,D1,23.8,0.51
385.0,0.0,136.0,158.0,20.0,903.0,768.0,28.0,55.55108132,D1,21.9,0.58
500.1,0.0,0.0,200.0,3.0,1124.4,613.2,28.0,44.13335876,D1,18.8,0.53
450.1,50.0,0.0,200.0,3.0,1124.4,613.2,28.0,39.37597436,D1,18.2,0.53
397.0,17.2,158.0,167.0,20.8,967.0,633.0,28.0,55.647607959999995,D1,21.0,0.55
333.0,17.5,163.0,167.0,17.9,996.0,652.0,28.0,47.27736932,D1,17.4,0.48
334.0,17.6,158.0,189.0,15.3,967.0,633.0,28.0,44.32641204,D1,23.7,0.46
405.0,0.0,0.0,175.0,0.0,1120.0,695.0,28.0,52.30364936,D1,22.4,0.45
200.0,200.0,0.0,190.0,0.0,1145.0,660.0,28.0,49.249270679999995,D1,19.1,0.4
516.0,0.0,0.0,162.0,8.26,801.0,802.0,28.0,41.36856,D1,16.6,0.6
145.0,116.0,119.0,184.0,5.7,833.0,880.0,28.0,29.15794004,D1,22.7,0.44
160.0,128.0,122.0,182.0,6.4,824.0,879.0,28.0,39.39665864,D1,19.8,0.49
234.0,156.0,0.0,189.0,5.85,981.0,760.0,28.0,39.300132,D1,22.5,0.49
250.0,180.0,95.0,159.0,9.45,860.0,800.0,28.0,67.86512268,D1,16.8,0.52
475.0,0.0,0.0,162.0,9.5,1044.0,662.0,28.0,58.52272288,D1,18.8,0.54
285.0,190.0,0.0,163.0,7.6,1031.0,685.0,28.0,53.57917996,D1,20.0,0.54
356.0,119.0,0.0,160.0,9.03,1061.0,657.0,28.0,58.99846132,D1,20.1,0.47
275.0,180.0,120.0,162.0,10.35,830.0,765.0,28.0,76.23536132,D1,19.1,0.49
500.0,0.0,0.0,151.0,9.0,1033.0,655.0,28.0,69.83702404,D1,21.2,0.51
165.0,0.02,143.57,163.81,0.0,1005.6,900.9,3.0,14.39625888,D1,17.9,0.49
165.0,128.5,132.1,175.06,8.08,1005.8,746.6,3.0,19.41564416,D1,19.7,0.58
178.03,129.8,118.6,179.94,3.57,1007.3,746.8,3.0,20.72564856,D1,20.2,0.52
167.35,129.9,128.62,175.46,7.79,1006.3,746.6,3.0,14.94094492,D1,21.0,0.54
172.38,13.61,172.37,156.76,4.14,1006.3,856.4,3.0,21.29101888,D1,21.4,0.53
173.54,50.05,173.53,164.77,6.47,1006.2,793.5,3.0,23.07676172,D1,17.8,0.56
167.0,75.4,167.0,164.03,7.91,1007.3,770.1,3.0,15.52010476,D1,16.9,0.51
173.81,93.37,159.9,172.34,9.73,1007.2,746.6,3.0,15.81657944,D1,22.6,0.44
190.34,0.0,125.18,166.61,9.88,1079.0,798.9,3.0,12.5484632,D1,20.7,0.52
250.0,0.0,95.69,191.84,5.33,948.9,857.2,3.0,8.48744956,D1,18.5,0.47
213.5,0.0,174.24,159.21,11.66,1043.6,771.9,3.0,15.60973664,D1,23.1,0.47
194.68,0.0,100.52,170.17,7.48,998.0,901.8,3.0,12.17614616,D1,20.2,0.53
251.37,0.0,118.27,192.94,5.75,1043.6,754.3,3.0,11.98309288,D1,22.4,0.56
165.0,0.02,143.57,163.81,0.0,1005.6,900.9,14.0,16.87837248,D1,20.1,0.5
165.0,128.5,132.1,175.06,8.08,1005.8,746.6,14.0,33.08795324,D1,24.1,0.52
178.03,129.8,118.6,179.94,3.57,1007.3,746.8,14.0,34.23937816,D1,23.5,0.59
167.35,129.9,128.62,175.46,7.79,1006.3,746.6,14.0,31.81242264,D1,19.5,0.51
172.38,13.61,172.37,156.76,4.14,1006.3,856.4,14.0,29.7508894,D1,21.9,0.63
173.54,50.05,173.53,164.77,6.47,1006.2,793.5,14.0,33.00521612,D1,21.3,0.53
167.0,75.4,167.0,164.03,7.91,1007.3,770.1,14.0,32.90179472,D1,22.7,0.41
173.81,93.37,159.9,172.34,9.73,1007.2,746.6,14.0,29.55094136,D1,18.1,0.54
190.34,0.0,125.18,166.61,9.88,1079.0,798.9,14.0,19.41564416,D1,21.4,0.52
250.0,0.0,95.69,191.84,5.33,948.9,857.2,14.0,24.65566176,D1,22.1,0.56
213.5,0.0,174.24,159.21,11.66,1043.6,771.9,14.0,29.59230992,D1,16.5,0.53
194.68,0.0,100.52,170.17,7.48,998.0,901.8,14.0,24.28334472,D1,17.6,0.49
251.37,0.0,118.27,192.94,5.75,1043.6,754.3,14.0,20.72564856,D1,15.9,0.44
165.0,0.02,143.57,163.81,0.0,1005.6,900.9,28.0,26.200088,D1,19.5,0.49
165.0,128.5,132.1,175.06,8.08,1005.8,746.6,28.0,46.38794528,D1,21.4,0.46
178.03,129.8,118.6,179.94,3.57,1007.3,746.8,28.0,39.1622368,D1,23.0,0.47
167.35,129.9,128.62,175.46,7.79,1006.3,746.6,28.0,41.20308576,D1,20.1,0.53
172.38,13.61,172.37,156.76,4.14,1006.3,856.4,28.0,33.68779736,D1,23.3,0.58
173.54,50.05,173.53,164.77,6.47,1006.2,793.5,28.0,38.20386516,D1,17.2,0.52
167.0,75.4,167.0,164.03,7.91,1007.3,770.1,28.0,41.40992856,D1,16.6,0.44
173.81,93.37,159.9,172.34,9.73,1007.2,746.6,28.0,37.81086384,D1,19.9,0.52
190.34,0.0,125.18,166.61,9.88,1079.0,798.9,28.0,24.84871504,D1,20.8,0.56
250.0,0.0,95.69,191.84,5.33,948.9,857.2,28.0,27.22051248,D1,19.9,0.47
213.5,0.0,174.24,159.21,11.66,1043.6,771.9,28.0,44.63667624,D1,15.9,0.49
194.68,0.0,100.52,170.17,7.48,998.0,901.8,28.0,37.2661778,D1,19.8,0.5
251.37,0.0,118.27,192.94,5.75,1043.6,754.3,28.0,33.27411176,D1,17.4,0.46
165.0,0.02,143.57,163.81,0.0,1005.6,900.9,56.0,36.56291228,D1,21.3,0.53
165.0,128.5,132.1,175.06,8.08,1005.8,746.6,56.0,53.72396992,D1,20.7,0.49
178.03,129.8,118.6,179.94,3.57,1007.3,746.8,56.0,48.587373719999995,D1,18.1,0.52
167.35,129.9,128.62,175.46,7.79,1006.3,746.6,56.0,51.72448952,D1,19.0,0.46
172.38,13.61,172.37,156.76,4.14,1006.3,856.4,56.0,35.852751999999995,D1,17.9,0.48
173.54,50.05,173.53,164.77,6.47,1006.2,793.5,56.0,53.77223324,D1,19.9,0.54
167.0,75.4,167.0,164.03,7.91,1007.3,770.1,56.0,53.46196904,D1,21.9,0.48
173.81,93.37,159.9,172.34,9.73,1007.2,746.6,56.0,48.9872698,D1,18.0,0.59
190.34,0.0,125.18,166.61,9.88,1079.0,798.9,56.0,31.715896,D1,21.0,0.48
250.0,0.0,95.69,191.84,5.33,948.9,857.2,56.0,39.64487,D1,18.9,0.51
213.5,0.0,174.24,159.21,11.66,1043.6,771.9,56.0,51.25564584,D1,18.4,0.55
194.68,0.0,100.52,170.17,7.48,998.0,901.8,56.0,43.38872468,D1,19.8,0.43
251.37,0.0,118.27,192.94,5.75,1043.6,754.3,56.0,39.2656582,D1,17.9,0.41
165.0,0.02,143.57,163.81,0.0,1005.6,900.9,100.0,37.9556538,D1,18.9,0.42
165.0,128.5,132.1,175.06,8.08,1005.8,746.6,100.0,55.0201848,D1,17.6,0.56
178.03,129.8,118.6,179.94,3.57,1007.3,746.8,100.0,49.99390476,D1,23.9,0.47
167.35,129.9,128.62,175.46,7.79,1006.3,746.6,100.0,53.65502232,D1,20.1,0.63
172.38,13.61,172.37,156.76,4.14,1006.3,856.4,100.0,37.6798634,D1,18.6,0.47
173.54,50.05,173.53,164.77,6.47,1006.2,793.5,100.0,56.06129356,D1,20.4,0.51
167.0,75.4,167.0,164.03,7.91,1007.3,770.1,100.0,56.8128224,D1,19.8,0.58
173.81,93.37,159.9,172.34,9.73,1007.2,746.6,100.0,50.93848688,D1,19.6,0.6
190.34,0.0,125.18,166.61,9.88,1079.0,798.9,100.0,33.56369168,D1,21.2,0.6
250.0,0.0,95.69,191.84,5.33,948.9,857.2,100.0,41.1617172,D1,21.5,0.56
213.5,0.0,174.24,159.21,11.66,1043.6,771.9,100.0,52.95865156,D1,18.9,0.55
194.68,0.0,100.52,170.17,7.48,998.0,901.8,100.0,44.27814872,D1,18.8,0.53
251.37,0.0,118.27,192.94,5.75,1043.6,754.3,100.0,40.14818748,D1,19.4,0.54
446.0,24.0,79.0,162.0,11.61,967.0,712.0,28.0,57.02655996,D1,15.4,0.47
446.0,24.0,79.0,162.0,11.64,967.0,712.0,28.0,44.42293868,D1,17.0,0.46
446.0,24.0,79.0,162.0,11.64,967.0,712.0,28.0,51.021224,D1,22.7,0.5
446.0,24.0,79.0,162.0,10.3,967.0,712.0,28.0,53.38612668,D1,23.3,0.49
446.0,24.0,79.0,162.0,11.61,967.0,712.0,3.0,35.36322404,D1,19.5,0.48
446.0,24.0,79.0,162.0,11.64,967.0,712.0,3.0,25.02108404,D1,21.2,0.53
446.0,24.0,79.0,162.0,11.64,967.0,712.0,3.0,23.34565736,D1,20.6,0.55
446.0,24.0,79.0,162.0,11.61,967.0,712.0,7.0,52.00717468,D1,26.2,0.5
446.0,24.0,79.0,162.0,11.64,967.0,712.0,7.0,38.01770664,D1,22.2,0.57
446.0,24.0,79.0,162.0,11.64,967.0,712.0,7.0,39.300132,D1,19.7,0.44
446.0,24.0,79.0,162.0,11.61,967.0,712.0,56.0,61.06688932,D1,18.1,0.49
446.0,24.0,79.0,162.0,11.64,967.0,712.0,56.0,56.14403068,D1,16.8,0.46
446.0,24.0,79.0,162.0,11.64,967.0,712.0,56.0,55.25460664,D1,20.4,0.41
446.0,24.0,79.0,162.0,10.3,967.0,712.0,56.0,54.765078679999995,D1,18.5,0.5
387.0,20.0,94.0,157.0,14.32,938.0,845.0,28.0,50.23522136,D1,17.2,0.49
387.0,20.0,94.0,157.0,13.93,938.0,845.0,28.0,46.68441996,D1,18.7,0.58
387.0,20.0,94.0,157.0,11.61,938.0,845.0,28.0,46.68441996,D1,17.8,0.53
387.0,20.0,94.0,157.0,14.32,938.0,845.0,3.0,22.752708,D1,23.4,0.45
387.0,20.0,94.0,157.0,13.93,938.0,845.0,3.0,25.510612,D1,21.8,0.59
387.0,20.0,94.0,157.0,11.61,938.0,845.0,3.0,34.77027468,D1,20.0,0.56
387.0,20.0,94.0,157.0,14.32,938.0,845.0,7.0,36.83870268,D1,23.0,0.53
387.0,20.0,94.0,157.0,13.93,938.0,845.0,7.0,45.89841732,D1,20.2,0.49
387.0,20.0,94.0,157.0,11.61,938.0,845.0,7.0,41.66503468,D1,18.3,0.45
387.0,20.0,94.0,157.0,14.32,938.0,845.0,56.0,56.33708396,D1,23.0,0.48
387.0,20.0,94.0,157.0,13.93,938.0,845.0,56.0,47.96684532,D1,21.1,0.55
387.0,20.0,94.0,157.0,11.61,938.0,845.0,56.0,61.45989064,D1,17.9,0.59
355.0,19.0,97.0,145.0,13.13,967.0,871.0,28.0,44.02993736,D1,19.6,0.58
355.0,19.0,97.0,145.0,12.25,967.0,871.0,28.0,55.45455468,D1,18.2,0.48
491.0,26.0,123.0,210.0,3.93,882.0,699.0,28.0,55.55108132,D1,17.2,0.44
491.0,26.0,123.0,201.0,3.93,822.0,699.0,28.0,57.915983999999995,D1,21.9,0.51
491.0,26.0,123.0,210.0,3.93,882.0,699.0,3.0,25.60910856945864,D1,23.8,0.41
491.0,26.0,123.0,210.0,3.93,882.0,699.0,7.0,33.488834284729315,D1,17.2,0.52
491.0,26.0,123.0,210.0,3.93,882.0,699.0,56.0,59.59042571527067,D1,21.1,0.49
491.0,26.0,123.0,201.0,3.93,822.0,699.0,3.0,29.54897143054136,D1,18.7,0.48
491.0,26.0,123.0,201.0,3.93,822.0,699.0,7.0,37.92118,D1,19.0,0.42
491.0,26.0,123.0,201.0,3.93,822.0,699.0,56.0,61.85584685418796,D1,18.8,0.53
424.0,22.0,132.0,178.0,8.48,822.0,750.0,28.0,62.05284,D1,18.3,0.47
424.0,22.0,132.0,178.0,8.48,882.0,750.0,3.0,32.01138571527068,D1,20.1,0.44
424.0,22.0,132.0,168.0,8.92,822.0,750.0,28.0,72.09850532,D1,18.3,0.36
424.0,22.0,132.0,178.0,8.48,822.0,750.0,7.0,39.004642284729314,D1,20.5,0.5
424.0,22.0,132.0,178.0,8.48,822.0,750.0,56.0,65.69721314581203,D1,19.9,0.59
424.0,22.0,132.0,168.0,8.92,822.0,750.0,3.0,32.109882284729316,D1,19.5,0.58
424.0,22.0,132.0,168.0,8.92,822.0,750.0,7.0,40.28509771527068,D1,18.2,0.48
424.0,22.0,132.0,168.0,8.92,822.0,750.0,56.0,74.3649114581204,D1,18.8,0.47
202.0,11.0,141.0,206.0,1.72,942.0,801.0,28.0,21.96670536,D1,21.5,0.52
202.0,11.0,141.0,206.0,1.72,942.0,801.0,3.0,9.84965714581204,D1,21.0,0.45
202.0,11.0,141.0,206.0,1.72,942.0,801.0,7.0,15.069975430541358,D1,18.0,0.52
202.0,11.0,141.0,206.0,1.72,942.0,801.0,56.0,23.24519085418796,D1,20.2,0.54
284.0,15.0,141.0,179.0,5.46,842.0,801.0,28.0,43.733462679999995,D1,21.5,0.56
284.0,15.0,141.0,179.0,5.46,842.0,801.0,3.0,13.39553371527068,D1,16.7,0.49
284.0,15.0,141.0,179.0,5.46,842.0,801.0,7.0,24.13166,D1,21.1,0.49
284.0,15.0,141.0,179.0,5.46,842.0,801.0,56.0,44.520450284729314,D1,18.7,0.46
359.0,19.0,141.0,154.0,10.91,942.0,801.0,28.0,62.93536928,D1,21.1,0.46
359.0,19.0,141.0,154.0,10.91,942.0,801.0,28.0,59.494884039999995,D1,18.5,0.49
359.0,19.0,141.0,154.0,10.91,942.0,801.0,3.0,25.11662571527068,D1,16.4,0.52
359.0,19.0,141.0,154.0,10.91,942.0,801.0,3.0,23.63917714581204,D1,16.7,0.55
359.0,19.0,141.0,154.0,10.91,942.0,801.0,7.0,35.75425543054136,D1,20.1,0.46
359.0,19.0,141.0,154.0,10.91,942.0,801.0,7.0,38.610656,D1,20.5,0.57
359.0,19.0,141.0,154.0,10.91,942.0,801.0,56.0,68.75060685418796,D1,18.2,0.49
359.0,19.0,141.0,154.0,10.91,942.0,801.0,56.0,66.78067543054136,D1,21.3,0.5
436.0,0.0,0.0,218.0,0.0,838.4,719.7,28.0,23.84897484,D1,16.7,0.46
289.0,0.0,0.0,192.0,0.0,913.2,895.3,90.0,32.068218236,D1,19.9,0.38
289.0,0.0,0.0,192.0,0.0,913.2,895.3,3.0,11.654902304,D1,17.6,0.54
393.0,0.0,0.0,192.0,0.0,940.6,785.6,3.0,19.199148696,D1,18.7,0.54
393.0,0.0,0.0,192.0,0.0,940.6,785.6,90.0,48.846616696,D1,20.1,0.49
393.0,0.0,0.0,192.0,0.0,940.6,785.6,28.0,39.604880392,D1,18.3,0.5
480.0,0.0,0.0,192.0,0.0,936.2,712.2,28.0,43.942373908,D1,19.2,0.53
480.0,0.0,0.0,192.0,0.0,936.2,712.2,7.0,34.569637164,D1,22.0,0.42
480.0,0.0,0.0,192.0,0.0,936.2,712.2,90.0,54.315540328,D1,18.8,0.47
480.0,0.0,0.0,192.0,0.0,936.2,712.2,3.0,24.404692496,D1,21.7,0.54
333.0,0.0,0.0,192.0,0.0,931.2,842.6,3.0,15.615941924,D1,17.7,0.44
255.0,0.0,0.0,192.0,0.0,889.8,945.0,90.0,21.859147104,D1,21.1,0.51
255.0,0.0,0.0,192.0,0.0,889.8,945.0,7.0,10.222171176,D1,22.9,0.43
289.0,0.0,0.0,192.0,0.0,913.2,895.3,7.0,14.596896395999998,D1,15.1,0.52
255.0,0.0,0.0,192.0,0.0,889.8,945.0,28.0,18.746162964,D1,18.4,0.5
333.0,0.0,0.0,192.0,0.0,931.2,842.6,28.0,31.966865263999996,D1,21.2,0.42
333.0,0.0,0.0,192.0,0.0,931.2,842.6,7.0,23.404952296,D1,19.6,0.56
289.0,0.0,0.0,192.0,0.0,913.2,895.3,28.0,25.573354316,D1,20.7,0.46
333.0,0.0,0.0,192.0,0.0,931.2,842.6,90.0,41.680203152,D1,18.8,0.46
393.0,0.0,0.0,192.0,0.0,940.6,785.6,7.0,27.742445811999996,D1,20.2,0.51
255.0,0.0,0.0,192.0,0.0,889.8,945.0,3.0,8.204074924,D1,19.7,0.56
158.8,238.2,0.0,185.7,0.0,1040.6,734.3,7.0,9.617500724,D1,22.3,0.45
239.6,359.4,0.0,185.7,0.0,941.6,664.3,7.0,25.422359072,D1,20.5,0.5
238.2,158.8,0.0,185.7,0.0,1040.6,734.3,7.0,15.691094808,D1,20.7,0.52
181.9,272.8,0.0,185.7,0.0,1012.4,714.3,28.0,27.935499091999997,D1,19.2,0.53
193.5,290.2,0.0,185.7,0.0,998.2,704.3,28.0,32.626693796000005,D1,19.0,0.51
255.5,170.3,0.0,185.7,0.0,1026.6,724.3,7.0,17.236210524,D1,19.1,0.48
272.8,181.9,0.0,185.7,0.0,1012.4,714.3,7.0,19.765208492,D1,20.8,0.46
239.6,359.4,0.0,185.7,0.0,941.6,664.3,28.0,39.435269296,D1,19.2,0.5
220.8,147.2,0.0,185.7,0.0,1055.0,744.3,28.0,25.74503384,D1,20.6,0.45
397.0,0.0,0.0,185.7,0.0,1040.6,734.3,28.0,33.082437432,D1,24.2,0.35
382.5,0.0,0.0,185.7,0.0,1047.8,739.3,7.0,24.065470304,D1,21.7,0.52
210.7,316.1,0.0,185.7,0.0,977.0,689.3,7.0,21.819846971999997,D1,19.3,0.55
158.8,238.2,0.0,185.7,0.0,1040.6,734.3,28.0,21.066249704,D1,22.4,0.38
295.8,0.0,0.0,185.7,0.0,1091.4,769.3,7.0,14.843728804,D1,19.2,0.45
255.5,170.3,0.0,185.7,0.0,1026.6,724.3,28.0,32.051670812,D1,15.9,0.53
203.5,135.7,0.0,185.7,0.0,1076.2,759.3,7.0,11.957582268,D1,18.0,0.6
397.0,0.0,0.0,185.7,0.0,1040.6,734.3,7.0,25.447869684,D1,16.3,0.5
381.4,0.0,0.0,185.7,0.0,1104.6,784.3,28.0,22.489328168,D1,19.3,0.46
295.8,0.0,0.0,185.7,0.0,1091.4,769.3,28.0,25.216895224,D1,20.0,0.49
228.0,342.1,0.0,185.7,0.0,955.8,674.3,28.0,39.699338604,D1,23.4,0.57
220.8,147.2,0.0,185.7,0.0,1055.0,744.3,7.0,13.089012384,D1,20.7,0.47
316.1,210.7,0.0,185.7,0.0,977.0,689.3,28.0,38.70028788,D1,19.6,0.46
135.7,203.5,0.0,185.7,0.0,1076.2,759.3,7.0,7.507014687999999,D1,21.7,0.48
238.1,0.0,0.0,185.7,0.0,1118.8,789.3,28.0,17.576122192,D1,15.6,0.45
339.2,0.0,0.0,185.7,0.0,1069.2,754.3,7.0,21.179323768,D1,20.5,0.51
135.7,203.5,0.0,185.7,0.0,1076.2,759.3,28.0,18.19871902,D1,21.5,0.58
193.5,290.2,0.0,185.7,0.0,998.2,704.3,7.0,17.200357771999997,D1,17.0,0.52
203.5,135.7,0.0,185.7,0.0,1076.2,759.3,28.0,22.629981272,D1,22.3,0.49
290.2,193.5,0.0,185.7,0.0,998.2,704.3,7.0,21.859147104,D1,20.7,0.49
181.9,272.8,0.0,185.7,0.0,1012.4,714.3,7.0,12.37264682,D1,19.2,0.42
170.3,155.5,0.0,185.7,0.0,1026.6,724.3,28.0,25.726417988,D1,21.3,0.54
210.7,316.1,0.0,185.7,0.0,977.0,689.3,28.0,37.813621743999995,D1,24.5,0.5
228.0,342.1,0.0,185.7,0.0,955.8,674.3,7.0,21.917063088,D1,20.4,0.49
290.2,193.5,0.0,185.7,0.0,998.2,704.3,28.0,33.0431373,D1,20.5,0.66
381.4,0.0,0.0,185.7,0.0,1104.6,784.3,7.0,14.54104884,D1,19.1,0.51
238.2,158.8,0.0,185.7,0.0,1040.6,734.3,28.0,26.91369566,D1,18.3,0.46
186.2,124.1,0.0,185.7,0.0,1083.4,764.3,7.0,7.995853172,D1,21.7,0.48
339.2,0.0,0.0,185.7,0.0,1069.2,754.3,28.0,31.899986092,D1,18.3,0.56
238.1,0.0,0.0,185.7,0.0,1118.8,789.3,7.0,10.335934716,D1,20.1,0.51
252.5,0.0,0.0,185.7,0.0,1111.6,784.3,28.0,19.765208492,D1,19.0,0.43
382.5,0.0,0.0,185.7,0.0,1047.8,739.3,28.0,37.437857324,D1,21.0,0.55
252.5,0.0,0.0,185.7,0.0,1111.6,784.3,7.0,11.483912255999998,D1,20.7,0.47
316.1,210.7,0.0,185.7,0.0,977.0,689.3,7.0,24.437787344,D1,22.1,0.59
186.2,124.1,0.0,185.7,0.0,1083.4,764.3,28.0,17.596806471999997,D1,19.0,0.55
170.3,155.5,0.0,185.7,0.0,1026.6,724.3,7.0,10.730314988,D1,19.5,0.48
272.8,181.9,0.0,185.7,0.0,1012.4,714.3,28.0,31.38150014,D1,18.0,0.56
339.0,0.0,0.0,197.0,0.0,968.0,781.0,3.0,13.22414968,D1,19.1,0.5
339.0,0.0,0.0,197.0,0.0,968.0,781.0,7.0,20.96696516,D1,20.8,0.54
339.0,0.0,0.0,197.0,0.0,968.0,781.0,14.0,27.04124872,D1,21.5,0.52
339.0,0.0,0.0,197.0,0.0,968.0,781.0,28.0,32.039949719999996,D1,18.2,0.46
339.0,0.0,0.0,197.0,0.0,968.0,781.0,90.0,35.17017076,D1,21.7,0.47
339.0,0.0,0.0,197.0,0.0,968.0,781.0,180.0,36.44570136,D1,22.7,0.55
339.0,0.0,0.0,197.0,0.0,968.0,781.0,365.0,38.89334116,D1,20.8,0.48
236.0,0.0,0.0,194.0,0.0,968.0,885.0,3.0,6.467284879999999,D1,23.8,0.48
236.0,0.0,0.0,194.0,0.0,968.0,885.0,14.0,12.83804312,D1,18.5,0.45
236.0,0.0,0.0,194.0,0.0,968.0,885.0,28.0,18.41590396,D1,17.5,0.52
236.0,0.0,0.0,194.0,0.0,968.0,885.0,90.0,21.94602108,D1,16.4,0.6
236.0,0.0,0.0,193.0,0.0,968.0,885.0,180.0,24.104080959999997,D1,23.0,0.45
236.0,0.0,0.0,193.0,0.0,968.0,885.0,365.0,25.08313688,D1,21.3,0.5
277.0,0.0,0.0,191.0,0.0,968.0,856.0,14.0,21.26343984,D1,19.9,0.57
277.0,0.0,0.0,191.0,0.0,968.0,856.0,28.0,25.96566616,D1,20.6,0.5
277.0,0.0,0.0,191.0,0.0,968.0,856.0,3.0,11.36256448,D1,17.7,0.52
277.0,0.0,0.0,191.0,0.0,968.0,856.0,90.0,31.25394708,D1,24.9,0.45
277.0,0.0,0.0,191.0,0.0,968.0,856.0,180.0,32.32952964,D1,20.3,0.52
277.0,0.0,0.0,191.0,0.0,968.0,856.0,360.0,33.70158688,D1,20.2,0.49
254.0,0.0,0.0,198.0,0.0,968.0,863.0,3.0,9.307926,D1,21.5,0.55
254.0,0.0,0.0,198.0,0.0,968.0,863.0,90.0,26.94472208,D1,21.0,0.56
254.0,0.0,0.0,198.0,0.0,968.0,863.0,180.0,27.62730332,D1,20.4,0.63
254.0,0.0,0.0,198.0,0.0,968.0,863.0,365.0,29.7853632,D1,18.4,0.53
307.0,0.0,0.0,193.0,0.0,968.0,812.0,180.0,34.48758952,D1,20.9,0.52
307.0,0.0,0.0,193.0,0.0,968.0,812.0,365.0,36.14922668,D1,23.8,0.51
307.0,0.0,0.0,193.0,0.0,968.0,812.0,3.0,12.54156844,D1,22.7,0.48
307.0,0.0,0.0,193.0,0.0,968.0,812.0,28.0,27.53077668,D1,23.2,0.52
307.0,0.0,0.0,193.0,0.0,968.0,812.0,90.0,32.922478999999996,D1,19.0,0.49
236.0,0.0,0.0,193.0,0.0,968.0,885.0,7.0,9.99050724,D1,18.0,0.51
200.0,0.0,0.0,180.0,0.0,1125.0,845.0,7.0,7.83934212,D1,19.7,0.57
200.0,0.0,0.0,180.0,0.0,1125.0,845.0,28.0,12.24509376,D1,20.1,0.45
225.0,0.0,0.0,181.0,0.0,1113.0,833.0,7.0,11.1695112,D1,22.2,0.56
225.0,0.0,0.0,181.0,0.0,1113.0,833.0,28.0,17.3403214,D1,16.6,0.57
325.0,0.0,0.0,184.0,0.0,1063.0,783.0,7.0,17.54026944,D1,23.1,0.49
325.0,0.0,0.0,184.0,0.0,1063.0,783.0,28.0,30.57136584,D1,19.7,0.39
275.0,0.0,0.0,183.0,0.0,1088.0,808.0,7.0,14.2032056,D1,19.1,0.47
275.0,0.0,0.0,183.0,0.0,1088.0,808.0,28.0,24.49708228,D1,18.0,0.56
300.0,0.0,0.0,184.0,0.0,1075.0,795.0,7.0,15.57526284,D1,16.7,0.5
300.0,0.0,0.0,184.0,0.0,1075.0,795.0,28.0,26.84819544,D1,21.6,0.45
375.0,0.0,0.0,186.0,0.0,1038.0,758.0,7.0,26.0621928,D1,20.1,0.47
375.0,0.0,0.0,186.0,0.0,1038.0,758.0,28.0,38.21075992,D1,17.4,0.54
400.0,0.0,0.0,187.0,0.0,1025.0,745.0,28.0,43.69898888,D1,17.4,0.53
400.0,0.0,0.0,187.0,0.0,1025.0,745.0,7.0,30.14389072,D1,19.3,0.49
250.0,0.0,0.0,182.0,0.0,1100.0,820.0,7.0,12.73462172,D1,23.3,0.48
250.0,0.0,0.0,182.0,0.0,1100.0,820.0,28.0,20.87043852,D1,19.5,0.48
350.0,0.0,0.0,186.0,0.0,1050.0,770.0,7.0,20.27748916,D1,17.0,0.45
350.0,0.0,0.0,186.0,0.0,1050.0,770.0,28.0,34.29453624,D1,19.5,0.58
203.5,305.3,0.0,203.5,0.0,963.4,630.0,7.0,19.539060364,D1,19.5,0.48
250.2,166.8,0.0,203.5,0.0,977.6,694.1,90.0,47.714497104,D1,14.6,0.56
157.0,236.0,0.0,192.0,0.0,935.4,781.2,90.0,43.377003588,D1,19.9,0.58
141.3,212.0,0.0,203.5,0.0,971.8,748.5,28.0,29.89223198,D1,19.5,0.55
166.8,250.2,0.0,203.5,0.0,975.6,692.6,3.0,6.902344236,D1,21.4,0.48
122.6,183.9,0.0,203.5,0.0,958.2,800.1,90.0,33.192064116000005,D1,23.7,0.52
183.9,122.6,0.0,203.5,0.0,959.2,800.0,3.0,4.9035533120000006,D1,22.3,0.5
102.0,153.0,0.0,192.0,0.0,887.0,942.0,3.0,4.565020596,D1,19.5,0.45
102.0,153.0,0.0,192.0,0.0,887.0,942.0,90.0,25.460969728,D1,17.8,0.52
122.6,183.9,0.0,203.5,0.0,958.2,800.1,28.0,24.290928956,D1,25.1,0.44
166.8,250.2,0.0,203.5,0.0,975.6,692.6,28.0,33.947729812,D1,20.1,0.56
200.0,133.0,0.0,192.0,0.0,965.4,806.2,3.0,11.41427518,D1,20.0,0.48
108.3,162.4,0.0,203.5,0.0,938.2,849.0,28.0,20.593958644,D1,20.0,0.51
305.3,203.5,0.0,203.5,0.0,965.4,631.0,7.0,25.893960655999997,D1,20.4,0.51
108.3,162.4,0.0,203.5,0.0,938.2,849.0,90.0,29.231713972,D1,19.7,0.49
116.0,173.0,0.0,192.0,0.0,909.8,891.9,90.0,31.023662096,D1,18.9,0.53
141.3,212.0,0.0,203.5,0.0,971.8,748.5,7.0,10.3938507,D1,18.9,0.48
157.0,236.0,0.0,192.0,0.0,935.4,781.2,28.0,33.664355176,D1,19.9,0.54
133.0,200.0,0.0,192.0,0.0,927.4,839.2,28.0,27.874825204,D1,18.9,0.43
250.2,166.8,0.0,203.5,0.0,977.6,694.1,7.0,19.35014394,D1,18.6,0.51
173.0,116.0,0.0,192.0,0.0,946.8,856.8,7.0,11.392211948,D1,20.2,0.6
192.0,288.0,0.0,192.0,0.0,929.8,716.1,3.0,12.788400847999998,D1,19.5,0.45
192.0,288.0,0.0,192.0,0.0,929.8,716.1,28.0,39.321505756,D1,23.0,0.47
153.0,102.0,0.0,192.0,0.0,888.0,943.1,3.0,4.782205536,D1,14.7,0.53
288.0,192.0,0.0,192.0,0.0,932.0,717.8,3.0,16.10960674,D1,22.2,0.51
305.3,203.5,0.0,203.5,0.0,965.4,631.0,28.0,43.377003588,D1,22.5,0.52
236.0,157.0,0.0,192.0,0.0,972.6,749.1,7.0,20.416073836,D1,15.9,0.52
173.0,116.0,0.0,192.0,0.0,946.8,856.8,3.0,6.940954892,D1,19.3,0.53
212.0,141.3,0.0,203.5,0.0,973.4,750.0,7.0,15.0305768,D1,19.3,0.56
236.0,157.0,0.0,192.0,0.0,972.6,749.1,3.0,13.5654403,D1,17.2,0.52
183.9,122.6,0.0,203.5,0.0,959.2,800.0,90.0,32.53292506,D1,18.4,0.49
166.8,250.2,0.0,203.5,0.0,975.6,692.6,7.0,15.748321315999998,D1,17.8,0.53
102.0,153.0,0.0,192.0,0.0,887.0,942.0,7.0,7.675936308,D1,23.5,0.59
288.0,192.0,0.0,192.0,0.0,932.0,717.8,28.0,38.804398756000005,D1,21.9,0.49
212.0,141.3,0.0,203.5,0.0,973.4,750.0,28.0,33.003837168,D1,22.5,0.45
102.0,153.0,0.0,192.0,0.0,887.0,942.0,28.0,17.275510655999998,D1,21.4,0.56
173.0,116.0,0.0,192.0,0.0,946.8,856.8,28.0,24.281965768,D1,17.7,0.49
183.9,122.6,0.0,203.5,0.0,959.2,800.0,28.0,24.046164976,D1,19.0,0.39
133.0,200.0,0.0,192.0,0.0,927.4,839.2,90.0,36.588422892,D1,21.0,0.54
192.0,288.0,0.0,192.0,0.0,929.8,716.1,90.0,50.732333556,D1,17.6,0.47
133.0,200.0,0.0,192.0,0.0,927.4,839.2,7.0,13.664035368,D1,21.4,0.5
305.3,203.5,0.0,203.5,0.0,965.4,631.0,3.0,14.143910664,D1,19.5,0.52
236.0,157.0,0.0,192.0,0.0,972.6,749.1,90.0,47.782065751999994,D1,19.3,0.51
108.3,162.4,0.0,203.5,0.0,938.2,849.0,3.0,2.331807832,D1,21.4,0.54
157.0,236.0,0.0,192.0,0.0,935.4,781.2,7.0,16.889404096,D1,20.9,0.48
288.0,192.0,0.0,192.0,0.0,932.0,717.8,7.0,23.523542168,D1,19.3,0.53
212.0,141.3,0.0,203.5,0.0,973.4,750.0,3.0,6.8085755,D1,22.3,0.49
212.0,141.3,0.0,203.5,0.0,973.4,750.0,90.0,39.70002808,D1,17.8,0.54
153.0,102.0,0.0,192.0,0.0,888.0,943.1,28.0,17.96429718,D1,21.2,0.53
236.0,157.0,0.0,192.0,0.0,972.6,749.1,28.0,32.88455782,D1,21.2,0.45
116.0,173.0,0.0,192.0,0.0,909.8,891.9,28.0,22.347985588,D1,19.4,0.55
183.9,122.6,0.0,203.5,0.0,959.2,800.0,7.0,10.787541496,D1,20.7,0.47
108.3,162.4,0.0,203.5,0.0,938.2,849.0,7.0,7.723510152,D1,17.5,0.54
203.5,305.3,0.0,203.5,0.0,963.4,630.0,28.0,41.684340008,D1,21.8,0.52
203.5,305.3,0.0,203.5,0.0,963.4,630.0,3.0,9.561653168,D1,19.6,0.59
133.0,200.0,0.0,192.0,0.0,927.4,839.2,3.0,6.883728383999999,D1,19.0,0.49
288.0,192.0,0.0,192.0,0.0,932.0,717.8,90.0,50.526869708,D1,22.1,0.48
200.0,133.0,0.0,192.0,0.0,965.4,806.2,7.0,17.165883972,D1,18.6,0.5
200.0,133.0,0.0,192.0,0.0,965.4,806.2,28.0,30.439675923999996,D1,17.2,0.48
250.2,166.8,0.0,203.5,0.0,977.6,694.1,3.0,9.731264264,D1,16.9,0.54
122.6,183.9,0.0,203.5,0.0,958.2,800.1,3.0,3.31982694,D1,21.2,0.42
153.0,102.0,0.0,192.0,0.0,888.0,943.1,90.0,26.322814728,D1,17.4,0.45
200.0,133.0,0.0,192.0,0.0,965.4,806.2,90.0,43.25082948,D1,23.5,0.45
116.0,173.0,0.0,192.0,0.0,909.8,891.9,3.0,6.280436883999999,D1,15.8,0.55
173.0,116.0,0.0,192.0,0.0,946.8,856.8,90.0,32.102692036,D1,23.4,0.59
250.2,166.8,0.0,203.5,0.0,977.6,694.1,28.0,36.964187312,D1,20.4,0.49
305.3,203.5,0.0,203.5,0.0,965.4,631.0,90.0,54.598914963999995,D1,19.8,0.49
192.0,288.0,0.0,192.0,0.0,929.8,716.1,7.0,21.48062478,D1,18.9,0.5
157.0,236.0,0.0,192.0,0.0,935.4,781.2,3.0,9.694722036,D1,20.8,0.56
153.0,102.0,0.0,192.0,0.0,888.0,943.1,7.0,8.374375495999999,D1,19.9,0.45
141.3,212.0,0.0,203.5,0.0,971.8,748.5,90.0,39.6621069,D1,22.2,0.51
116.0,173.0,0.0,192.0,0.0,909.8,891.9,7.0,10.089791784,D1,20.2,0.55
141.3,212.0,0.0,203.5,0.0,971.8,748.5,3.0,4.827710952,D1,20.3,0.53
122.6,183.9,0.0,203.5,0.0,958.2,800.1,7.0,10.354550568,D1,19.3,0.51
166.8,250.2,0.0,203.5,0.0,975.6,692.6,90.0,43.565230536,D1,19.9,0.55
203.5,305.3,0.0,203.5,0.0,963.4,630.0,90.0,51.863763672,D1,20.6,0.36
310.0,0.0,0.0,192.0,0.0,1012.0,830.0,3.0,11.85209244,D1,16.6,0.53
310.0,0.0,0.0,192.0,0.0,1012.0,830.0,7.0,17.24379476,D1,17.3,0.47
310.0,0.0,0.0,192.0,0.0,1012.0,830.0,28.0,27.82725136,D1,21.5,0.41
310.0,0.0,0.0,192.0,0.0,1012.0,830.0,90.0,35.763120119999996,D1,20.3,0.53
310.0,0.0,0.0,192.0,0.0,1012.0,830.0,120.0,38.70028788,D1,19.6,0.57
331.0,0.0,0.0,192.0,0.0,1025.0,821.0,3.0,14.306627,D1,20.0,0.49
331.0,0.0,0.0,192.0,0.0,1025.0,821.0,7.0,17.43684804,D1,20.7,0.55
331.0,0.0,0.0,192.0,0.0,1025.0,821.0,28.0,31.74347504,D1,18.9,0.58
331.0,0.0,0.0,192.0,0.0,1025.0,821.0,90.0,37.91428524,D1,18.4,0.57
331.0,0.0,0.0,192.0,0.0,1025.0,821.0,120.0,39.382869119999995,D1,20.4,0.58
349.0,0.0,0.0,192.0,0.0,1056.0,809.0,3.0,15.87173752,D1,18.0,0.54
349.0,0.0,0.0,192.0,0.0,1056.0,809.0,7.0,9.01145132,D1,20.8,0.5
349.0,0.0,0.0,192.0,0.0,1056.0,809.0,28.0,33.60506024,D1,16.6,0.42
349.0,0.0,0.0,192.0,0.0,1056.0,809.0,90.0,40.65839972,D1,22.1,0.49
349.0,0.0,0.0,192.0,0.0,1056.0,809.0,120.0,40.85834776,D1,20.9,0.46
238.0,0.0,0.0,186.0,0.0,1119.0,789.0,7.0,12.05204048,D1,20.5,0.61
238.0,0.0,0.0,186.0,0.0,1119.0,789.0,28.0,17.54026944,D1,22.0,0.49
296.0,0.0,0.0,186.0,0.0,1090.0,769.0,7.0,18.91232668,D1,23.3,0.51
296.0,0.0,0.0,186.0,0.0,1090.0,769.0,28.0,25.17966352,D1,22.0,0.53
297.0,0.0,0.0,186.0,0.0,1040.0,734.0,7.0,30.9574724,D1,16.3,0.5
480.0,0.0,0.0,192.0,0.0,936.0,721.0,28.0,43.892042159999995,D1,17.4,0.58
480.0,0.0,0.0,192.0,0.0,936.0,721.0,90.0,54.27555072,D1,18.8,0.47
397.0,0.0,0.0,186.0,0.0,1040.0,734.0,28.0,36.93522932,D1,20.1,0.51
281.0,0.0,0.0,186.0,0.0,1104.0,774.0,7.0,14.49968028,D1,21.0,0.46
281.0,0.0,0.0,185.0,0.0,1104.0,774.0,28.0,22.43554904,D1,18.5,0.43
500.0,0.0,0.0,200.0,0.0,1125.0,613.0,1.0,12.63809508,D1,20.4,0.47
500.0,0.0,0.0,200.0,0.0,1125.0,613.0,3.0,26.0621928,D1,18.5,0.5
500.0,0.0,0.0,200.0,0.0,1125.0,613.0,7.0,33.21205892,D1,18.8,0.48
500.0,0.0,0.0,200.0,0.0,1125.0,613.0,14.0,36.93522932,D1,17.2,0.47
500.0,0.0,0.0,200.0,0.0,1125.0,613.0,28.0,44.0919902,D1,18.2,0.43
540.0,0.0,0.0,173.0,0.0,1125.0,613.0,7.0,52.61391356,D1,17.3,0.5
540.0,0.0,0.0,173.0,0.0,1125.0,613.0,14.0,59.76377968,D1,18.0,0.42
540.0,0.0,0.0,173.0,0.0,1125.0,613.0,28.0,67.30664712,D1,22.1,0.54
540.0,0.0,0.0,173.0,0.0,1125.0,613.0,90.0,69.65776027999999,D1,18.1,0.5
540.0,0.0,0.0,173.0,0.0,1125.0,613.0,180.0,71.62276688,D1,25.3,0.43
540.0,0.0,0.0,173.0,0.0,1125.0,613.0,270.0,74.16693332,D1,21.0,0.48
350.0,0.0,0.0,203.0,0.0,974.0,775.0,7.0,18.12632404,D1,20.4,0.46
350.0,0.0,0.0,203.0,0.0,974.0,775.0,14.0,22.53207568,D1,18.3,0.52
350.0,0.0,0.0,203.0,0.0,974.0,775.0,28.0,27.3377234,D1,21.4,0.57
350.0,0.0,0.0,203.0,0.0,974.0,775.0,56.0,29.97841648,D1,18.8,0.41
350.0,0.0,0.0,203.0,0.0,974.0,775.0,90.0,31.35047372,D1,20.2,0.51
350.0,0.0,0.0,203.0,0.0,974.0,775.0,180.0,32.72253096,D1,25.1,0.49
385.0,0.0,0.0,186.0,0.0,966.0,763.0,1.0,6.26733684,D1,19.8,0.53
385.0,0.0,0.0,186.0,0.0,966.0,763.0,3.0,14.69962832,D1,22.3,0.51
385.0,0.0,0.0,186.0,0.0,966.0,763.0,7.0,23.221551679999997,D1,18.6,0.46
385.0,0.0,0.0,186.0,0.0,966.0,763.0,14.0,27.923778,D1,19.9,0.48
385.0,0.0,0.0,186.0,0.0,966.0,763.0,28.0,31.35047372,D1,23.5,0.46
331.0,0.0,0.0,192.0,0.0,978.0,825.0,180.0,38.99676256,D1,18.7,0.55
331.0,0.0,0.0,192.0,0.0,978.0,825.0,360.0,41.24445432,D1,23.6,0.5
349.0,0.0,0.0,192.0,0.0,1047.0,806.0,3.0,14.98920824,D1,21.4,0.6
331.0,0.0,0.0,192.0,0.0,978.0,825.0,3.0,13.52062436,D1,18.9,0.5
382.0,0.0,0.0,186.0,0.0,1047.0,739.0,7.0,24.00065956,D1,21.3,0.46
382.0,0.0,0.0,186.0,0.0,1047.0,739.0,28.0,37.42475728,D1,21.9,0.42
382.0,0.0,0.0,186.0,0.0,1111.0,784.0,7.0,11.46598588,D1,21.2,0.41
281.0,0.0,0.0,186.0,0.0,1104.0,774.0,28.0,22.43554904,D1,16.9,0.42
339.0,0.0,0.0,185.0,0.0,1069.0,754.0,7.0,21.16001844,D1,18.5,0.51
339.0,0.0,0.0,185.0,0.0,1069.0,754.0,28.0,31.84000168,D1,19.5,0.53
295.0,0.0,0.0,185.0,0.0,1069.0,769.0,7.0,14.79615496,D1,19.9,0.42
295.0,0.0,0.0,185.0,0.0,1069.0,769.0,28.0,25.17966352,D1,21.2,0.54
238.0,0.0,0.0,185.0,0.0,1118.0,789.0,28.0,17.54026944,D1,20.4,0.48
296.0,0.0,0.0,192.0,0.0,1085.0,765.0,7.0,14.2032056,D1,17.3,0.51
296.0,0.0,0.0,192.0,0.0,1085.0,765.0,28.0,21.6495464,D1,20.8,0.58
296.0,0.0,0.0,192.0,0.0,1085.0,765.0,90.0,29.39236188,D1,21.2,0.54
331.0,0.0,0.0,192.0,0.0,879.0,825.0,3.0,13.52062436,D1,21.1,0.49
331.0,0.0,0.0,192.0,0.0,978.0,825.0,7.0,16.26473884,D1,22.2,0.46
331.0,0.0,0.0,192.0,0.0,978.0,825.0,28.0,31.44700036,D1,21.7,0.39
331.0,0.0,0.0,192.0,0.0,978.0,825.0,90.0,37.231704,D1,20.9,0.46
349.0,0.0,0.0,192.0,0.0,1047.0,806.0,7.0,18.12632404,D1,19.9,0.49
349.0,0.0,0.0,192.0,0.0,1047.0,806.0,28.0,32.72253096,D1,16.7,0.45
349.0,0.0,0.0,192.0,0.0,1047.0,806.0,90.0,39.48629052,D1,20.9,0.49
349.0,0.0,0.0,192.0,0.0,1047.0,806.0,180.0,41.05140104,D1,20.4,0.5
349.0,0.0,0.0,192.0,0.0,1047.0,806.0,360.0,42.1269836,D1,20.5,0.49
302.0,0.0,0.0,203.0,0.0,974.0,817.0,14.0,18.12632404,D1,17.4,0.47
302.0,0.0,0.0,203.0,0.0,974.0,817.0,180.0,26.74477404,D1,17.8,0.51
525.0,0.0,0.0,189.0,0.0,1125.0,613.0,180.0,61.921839559999995,D1,22.1,0.52
500.0,0.0,0.0,200.0,0.0,1125.0,613.0,90.0,47.22221124,D1,19.9,0.45
500.0,0.0,0.0,200.0,0.0,1125.0,613.0,180.0,51.04190828,D1,21.4,0.57
500.0,0.0,0.0,200.0,0.0,1125.0,613.0,270.0,55.15808,D1,20.1,0.5
540.0,0.0,0.0,173.0,0.0,1125.0,613.0,3.0,41.63745564,D1,20.1,0.5
252.0,0.0,0.0,185.0,0.0,1111.0,784.0,7.0,13.71367764,D1,21.9,0.54
252.0,0.0,0.0,185.0,0.0,1111.0,784.0,28.0,19.69143456,D1,19.0,0.51
339.0,0.0,0.0,185.0,0.0,1060.0,754.0,28.0,31.6469484,D1,20.2,0.55
393.0,0.0,0.0,192.0,0.0,940.0,758.0,3.0,19.10537996,D1,19.1,0.51
393.0,0.0,0.0,192.0,0.0,940.0,758.0,28.0,39.58281716,D1,19.1,0.47
393.0,0.0,0.0,192.0,0.0,940.0,758.0,90.0,48.79421652,D1,19.4,0.52
382.0,0.0,0.0,185.0,0.0,1047.0,739.0,7.0,24.00065956,D1,20.4,0.44
382.0,0.0,0.0,185.0,0.0,1047.0,739.0,28.0,37.42475728,D1,19.0,0.51
252.0,0.0,0.0,186.0,0.0,1111.0,784.0,7.0,11.46598588,D1,22.5,0.5
252.0,0.0,0.0,185.0,0.0,1111.0,784.0,28.0,19.69143456,D1,18.2,0.49
310.0,0.0,0.0,192.0,0.0,970.0,850.0,7.0,14.98920824,D1,19.6,0.49
310.0,0.0,0.0,192.0,0.0,970.0,850.0,28.0,27.923778,D1,19.1,0.41
310.0,0.0,0.0,192.0,0.0,970.0,850.0,90.0,34.6806428,D1,22.9,0.47
310.0,0.0,0.0,192.0,0.0,970.0,850.0,180.0,37.32823064,D1,20.4,0.5
310.0,0.0,0.0,192.0,0.0,970.0,850.0,360.0,38.11423328,D1,22.1,0.51
525.0,0.0,0.0,189.0,0.0,1125.0,613.0,3.0,33.79811352,D1,17.0,0.45
525.0,0.0,0.0,189.0,0.0,1125.0,613.0,7.0,42.42345828,D1,20.5,0.56
525.0,0.0,0.0,189.0,0.0,1125.0,613.0,14.0,48.4012152,D1,21.8,0.46
525.0,0.0,0.0,189.0,0.0,1125.0,613.0,28.0,55.94408264,D1,20.2,0.55
525.0,0.0,0.0,189.0,0.0,1125.0,613.0,90.0,58.78472376,D1,22.1,0.52
525.0,0.0,0.0,189.0,0.0,1125.0,613.0,270.0,67.11359384,D1,19.0,0.47
322.0,0.0,0.0,203.0,0.0,974.0,800.0,14.0,20.77391188,D1,22.8,0.59
322.0,0.0,0.0,203.0,0.0,974.0,800.0,28.0,25.17966352,D1,24.6,0.44
322.0,0.0,0.0,203.0,0.0,974.0,800.0,180.0,29.58541516,D1,19.3,0.55
302.0,0.0,0.0,203.0,0.0,974.0,817.0,28.0,21.7529678,D1,19.1,0.55
397.0,0.0,0.0,185.0,0.0,1040.0,734.0,28.0,39.0932892,D1,22.9,0.47
480.0,0.0,0.0,192.0,0.0,936.0,721.0,3.0,24.39366088,D1,23.2,0.57
522.0,0.0,0.0,146.0,0.0,896.0,896.0,7.0,50.511011759999995,D1,19.0,0.49
522.0,0.0,0.0,146.0,0.0,896.0,896.0,28.0,74.98740975999999,D1,19.2,0.51
273.0,105.0,82.0,210.0,9.0,904.0,680.0,28.0,37.16965116,D1,19.4,0.51
162.0,190.0,148.0,179.0,19.0,838.0,741.0,28.0,33.75674496,D1,17.3,0.49
154.0,144.0,112.0,220.0,10.0,923.0,658.0,28.0,16.49916068,D1,18.2,0.54
147.0,115.0,89.0,202.0,9.0,860.0,829.0,28.0,19.98790924,D1,18.0,0.54
152.0,178.0,139.0,168.0,18.0,944.0,695.0,28.0,36.34917472,D1,18.5,0.41
310.0,143.0,111.0,168.0,22.0,914.0,651.0,28.0,33.68779736,D1,19.9,0.57
144.0,0.0,175.0,158.0,18.0,943.0,844.0,28.0,15.41668336,D1,20.5,0.42
304.0,140.0,0.0,214.0,6.0,895.0,722.0,28.0,33.41890172,D1,23.1,0.55
374.0,0.0,0.0,190.0,7.0,1013.0,730.0,28.0,39.05192064,D1,18.0,0.56
159.0,149.0,116.0,175.0,15.0,953.0,720.0,28.0,27.67556664,D1,22.0,0.45
153.0,239.0,0.0,200.0,6.0,1002.0,684.0,28.0,26.8550902,D1,19.6,0.48
310.0,143.0,0.0,168.0,10.0,914.0,804.0,28.0,45.2985732,D1,19.9,0.44
305.0,0.0,100.0,196.0,10.0,959.0,705.0,28.0,30.12320644,D1,21.3,0.49
151.0,0.0,184.0,167.0,12.0,991.0,772.0,28.0,15.56836808,D1,17.8,0.48
142.0,167.0,130.0,174.0,11.0,883.0,785.0,28.0,44.6090972,D1,20.8,0.54
298.0,137.0,107.0,201.0,6.0,878.0,655.0,28.0,53.52402188,D1,20.3,0.57
321.0,164.0,0.0,190.0,5.0,870.0,774.0,28.0,57.21271848,D1,21.0,0.57
366.0,187.0,0.0,191.0,7.0,824.0,757.0,28.0,65.90701084,D1,20.6,0.47
280.0,129.0,100.0,172.0,9.0,825.0,805.0,28.0,52.82075636,D1,24.9,0.49
252.0,97.0,76.0,194.0,8.0,835.0,821.0,28.0,33.398217439999996,D1,18.7,0.42
165.0,0.0,150.0,182.0,12.0,1023.0,729.0,28.0,18.0297974,D1,18.9,0.46
156.0,243.0,0.0,180.0,11.0,1022.0,698.0,28.0,37.36270444,D1,18.8,0.55
160.0,188.0,146.0,203.0,11.0,829.0,710.0,28.0,32.83974188,D1,18.9,0.58
298.0,0.0,107.0,186.0,6.0,879.0,815.0,28.0,42.63719584,D1,18.7,0.44
318.0,0.0,126.0,210.0,6.0,861.0,737.0,28.0,40.0585556,D1,22.4,0.47
287.0,121.0,94.0,188.0,9.0,904.0,696.0,28.0,41.94082508,D1,22.8,0.5
326.0,166.0,0.0,174.0,9.0,882.0,790.0,28.0,61.23236356,D1,18.9,0.51
356.0,0.0,142.0,193.0,11.0,801.0,778.0,28.0,40.865242519999995,D1,18.3,0.46
132.0,207.0,161.0,179.0,5.0,867.0,736.0,28.0,33.301690799999996,D1,20.9,0.52
322.0,149.0,0.0,186.0,8.0,951.0,709.0,28.0,52.42086028,D1,18.9,0.48
164.0,0.0,200.0,181.0,13.0,849.0,846.0,28.0,15.08573488,D1,21.3,0.5
314.0,0.0,113.0,170.0,10.0,925.0,783.0,28.0,38.45897128,D1,20.4,0.53
321.0,0.0,128.0,182.0,11.0,870.0,780.0,28.0,37.25928304,D1,17.0,0.5
140.0,164.0,128.0,237.0,6.0,869.0,656.0,28.0,35.225328839999996,D1,23.1,0.48
288.0,121.0,0.0,177.0,7.0,908.0,829.0,28.0,42.13387836,D1,23.6,0.49
298.0,0.0,107.0,210.0,11.0,880.0,744.0,28.0,31.874475479999997,D1,18.8,0.5
265.0,111.0,86.0,195.0,6.0,833.0,790.0,28.0,41.540929,D1,19.2,0.48
160.0,250.0,0.0,168.0,12.0,1049.0,688.0,28.0,39.45181672,D1,20.6,0.49
166.0,260.0,0.0,183.0,13.0,859.0,827.0,28.0,37.91428524,D1,20.7,0.58
276.0,116.0,90.0,180.0,9.0,870.0,768.0,28.0,44.27814872,D1,21.3,0.53
322.0,0.0,116.0,196.0,10.0,818.0,813.0,28.0,31.17810472,D1,24.0,0.49
149.0,139.0,109.0,193.0,6.0,892.0,780.0,28.0,23.69039536,D1,19.6,0.53
159.0,187.0,0.0,176.0,11.0,990.0,789.0,28.0,32.763899519999995,D1,18.4,0.48
261.0,100.0,78.0,201.0,9.0,864.0,761.0,28.0,32.39847724,D1,17.2,0.56
237.0,92.0,71.0,247.0,6.0,853.0,695.0,28.0,28.62704352,D1,18.5,0.52
313.0,0.0,113.0,178.0,8.0,1002.0,689.0,28.0,36.80422888,D1,19.9,0.49
155.0,183.0,0.0,193.0,9.0,1047.0,697.0,28.0,18.28490352,D1,23.6,0.52
146.0,230.0,0.0,202.0,3.0,827.0,872.0,28.0,33.0603742,D1,19.0,0.42
296.0,0.0,107.0,221.0,11.0,819.0,778.0,28.0,31.41942132,D1,20.4,0.44
133.0,210.0,0.0,196.0,3.0,949.0,795.0,28.0,31.02642,D1,20.0,0.44
313.0,145.0,0.0,178.0,8.0,867.0,824.0,28.0,44.38846488,D1,22.4,0.51
152.0,0.0,112.0,184.0,8.0,992.0,816.0,28.0,12.17614616,D1,25.1,0.59
153.0,145.0,113.0,178.0,8.0,1002.0,689.0,28.0,25.55887532,D1,18.9,0.61
140.0,133.0,103.0,200.0,7.0,916.0,753.0,28.0,36.4388066,D1,19.0,0.53
149.0,236.0,0.0,176.0,13.0,847.0,893.0,28.0,32.956952799999996,D1,22.1,0.53
300.0,0.0,120.0,212.0,10.0,878.0,728.0,28.0,23.83518532,D1,21.4,0.41
153.0,145.0,113.0,178.0,8.0,867.0,824.0,28.0,26.22766704,D1,23.7,0.47
148.0,0.0,137.0,158.0,16.0,1002.0,830.0,28.0,17.95395504,D1,21.2,0.46
326.0,0.0,138.0,199.0,11.0,801.0,792.0,28.0,40.679084,D1,19.3,0.47
153.0,145.0,0.0,178.0,8.0,1000.0,822.0,28.0,19.00885332,D1,21.2,0.49
262.0,111.0,86.0,195.0,5.0,895.0,733.0,28.0,33.7153764,D1,22.2,0.48
158.0,0.0,195.0,220.0,11.0,898.0,713.0,28.0,8.53571288,D1,21.6,0.4
151.0,0.0,185.0,167.0,16.0,1074.0,678.0,28.0,13.45857152,D1,21.0,0.54
273.0,0.0,90.0,199.0,11.0,931.0,762.0,28.0,32.23989776,D1,22.1,0.45
149.0,118.0,92.0,183.0,7.0,953.0,780.0,28.0,23.51802636,D1,22.3,0.51
143.0,169.0,143.0,191.0,8.0,967.0,643.0,28.0,29.72331036,D1,22.8,0.6
260.0,101.0,78.0,171.0,10.0,936.0,763.0,28.0,49.77327244,D1,21.3,0.45
313.0,161.0,0.0,178.0,10.0,917.0,759.0,28.0,52.44154456,D1,19.7,0.37
284.0,120.0,0.0,168.0,7.0,970.0,794.0,28.0,40.93419012,D1,20.3,0.49
336.0,0.0,0.0,182.0,3.0,986.0,817.0,28.0,44.86420332,D1,22.4,0.56
145.0,0.0,134.0,181.0,11.0,979.0,812.0,28.0,13.19657064,D1,18.4,0.6
150.0,237.0,0.0,174.0,12.0,1069.0,675.0,28.0,37.43165204,D1,20.7,0.44
144.0,170.0,133.0,192.0,8.0,814.0,805.0,28.0,29.86810032,D1,19.2,0.52
331.0,170.0,0.0,195.0,8.0,811.0,802.0,28.0,56.61287436,D1,20.1,0.48
155.0,0.0,143.0,193.0,9.0,1047.0,697.0,28.0,12.45883132,D1,22.6,0.49
155.0,183.0,0.0,193.0,9.0,877.0,868.0,28.0,23.786922,D1,20.4,0.63
135.0,0.0,166.0,180.0,10.0,961.0,805.0,28.0,13.29309728,D1,20.1,0.42
266.0,112.0,87.0,178.0,10.0,910.0,745.0,28.0,39.41734292,D1,17.3,0.51
314.0,145.0,113.0,179.0,8.0,869.0,690.0,28.0,46.2293658,D1,21.5,0.52
313.0,145.0,0.0,127.0,8.0,1000.0,822.0,28.0,44.51946532,D1,21.3,0.55
146.0,173.0,0.0,182.0,3.0,986.0,817.0,28.0,23.73865868,D1,24.3,0.5
144.0,136.0,106.0,178.0,7.0,941.0,774.0,28.0,26.14492992,D1,19.4,0.52
148.0,0.0,182.0,181.0,15.0,839.0,884.0,28.0,15.52010476,D1,20.4,0.48
277.0,117.0,91.0,191.0,7.0,946.0,666.0,28.0,43.5748832,D1,20.5,0.51
298.0,0.0,107.0,164.0,13.0,953.0,784.0,28.0,35.85964676,D1,23.2,0.48
313.0,145.0,0.0,178.0,8.0,1002.0,689.0,28.0,41.05140104,D1,19.8,0.53
155.0,184.0,143.0,194.0,9.0,880.0,699.0,28.0,28.98557104,D1,20.6,0.48
289.0,134.0,0.0,195.0,6.0,924.0,760.0,28.0,46.24315532,D1,21.2,0.52
148.0,175.0,0.0,171.0,2.0,1000.0,828.0,28.0,26.91714304,D1,20.4,0.5
145.0,0.0,179.0,202.0,8.0,824.0,869.0,28.0,10.53519328,D1,19.1,0.56
313.0,0.0,0.0,178.0,8.0,1000.0,822.0,28.0,25.0969264,D1,20.4,0.5
136.0,162.0,126.0,172.0,10.0,923.0,764.0,28.0,29.06830816,D1,22.1,0.41
155.0,0.0,143.0,193.0,9.0,877.0,868.0,28.0,9.73540112,D1,17.9,0.56
255.0,99.0,77.0,189.0,6.0,919.0,749.0,28.0,33.79811352,D1,20.3,0.45
162.0,207.0,172.0,216.0,10.0,822.0,638.0,28.0,39.84481804,D1,18.6,0.47
136.0,196.0,98.0,199.0,6.0,847.0,783.0,28.0,26.96540636,D1,22.4,0.47
164.0,163.0,128.0,197.0,8.0,961.0,641.0,28.0,27.234302,D1,17.0,0.57
162.0,214.0,164.0,202.0,10.0,820.0,680.0,28.0,30.6472082,D1,18.9,0.39
157.0,214.0,152.0,200.0,9.0,819.0,704.0,28.0,33.05347944,D1,20.8,0.66
149.0,153.0,194.0,192.0,8.0,935.0,623.0,28.0,24.5798194,D1,23.1,0.55
135.0,105.0,193.0,196.0,6.0,965.0,643.0,28.0,21.91154728,D1,19.9,0.51
159.0,209.0,161.0,201.0,7.0,848.0,669.0,28.0,30.881630039999997,D1,18.9,0.5
144.0,15.0,195.0,176.0,6.0,1021.0,709.0,28.0,15.340841,D1,23.8,0.51
154.0,174.0,185.0,228.0,7.0,845.0,612.0,28.0,24.3385028,D1,17.1,0.53
167.0,187.0,195.0,185.0,7.0,898.0,636.0,28.0,23.8903434,D1,15.6,0.53
184.0,86.0,190.0,213.0,6.0,923.0,623.0,28.0,22.93197176,D1,20.9,0.53
156.0,178.0,187.0,221.0,7.0,854.0,614.0,28.0,29.41304616,D1,19.0,0.5
236.9,91.7,71.5,246.9,6.0,852.9,695.4,28.0,28.629801423999997,D1,18.0,0.49
313.3,0.0,113.0,178.5,8.0,1001.9,688.7,28.0,36.804918356,D1,21.4,0.49
154.8,183.4,0.0,193.3,9.1,1047.4,696.7,28.0,18.287661424,D1,20.5,0.49
145.9,230.5,0.0,202.5,3.4,827.0,871.8,28.0,32.720462532,D1,18.9,0.56
296.0,0.0,106.7,221.4,10.5,819.2,778.4,28.0,31.420110796000003,D1,17.4,0.53
133.1,210.2,0.0,195.7,3.1,949.4,795.3,28.0,28.937997196,D1,21.7,0.35
313.3,145.0,0.0,178.5,8.0,867.2,824.0,28.0,40.925226931999994,D1,21.3,0.53
151.6,0.0,111.9,184.4,7.9,992.0,815.9,28.0,12.180972492,D1,19.8,0.51
153.1,145.0,113.0,178.5,8.0,1001.9,688.7,28.0,25.559564796,D1,23.7,0.5
139.9,132.6,103.3,200.3,7.4,916.0,753.4,28.0,36.443632932,D1,17.9,0.48
149.5,236.0,0.0,175.8,12.6,846.8,892.7,28.0,32.96384756,D1,16.9,0.56
299.8,0.0,119.8,211.5,9.9,878.2,727.6,28.0,23.835874796,D1,18.6,0.55
153.1,145.0,113.0,178.5,8.0,867.2,824.0,28.0,26.233182848,D1,19.9,0.46
148.1,0.0,136.6,158.1,16.1,1001.8,830.1,28.0,17.959470848000002,D1,20.5,0.52
326.5,0.0,137.9,199.0,10.8,801.1,792.5,28.0,38.630650804,D1,19.5,0.45
152.7,144.7,0.0,178.1,8.0,999.7,822.2,28.0,19.009542796,D1,20.7,0.43
261.9,110.5,86.1,195.4,5.0,895.2,732.6,28.0,33.71882378,D1,17.5,0.47
158.4,0.0,194.9,219.7,11.0,897.7,712.9,28.0,8.536402356,D1,22.9,0.54
150.7,0.0,185.3,166.7,15.6,1074.5,678.0,28.0,13.461329424,D1,19.8,0.55
272.6,0.0,89.6,198.7,10.6,931.3,762.2,28.0,32.245413568000004,D1,22.2,0.53
149.0,117.6,91.7,182.9,7.1,953.4,780.3,28.0,23.524231644,D1,20.7,0.54
143.0,169.4,142.7,190.7,8.4,967.4,643.5,28.0,29.726068263999995,D1,20.9,0.53
259.9,100.6,78.4,170.6,10.4,935.7,762.9,28.0,49.77327244,D1,21.1,0.47
312.9,160.5,0.0,177.6,9.6,916.6,759.5,28.0,52.446370892,D1,20.9,0.52
284.0,119.7,0.0,168.3,7.2,970.4,794.2,28.0,40.934879596,D1,21.3,0.54
336.5,0.0,0.0,181.9,3.4,985.8,816.8,28.0,44.868340176,D1,22.7,0.54
144.8,0.0,133.6,180.8,11.1,979.5,811.5,28.0,13.202086448,D1,20.4,0.56
150.0,236.8,0.0,173.8,11.9,1069.3,674.8,28.0,37.43165204,D1,21.4,0.54
143.7,170.2,132.6,191.6,8.5,814.1,805.3,28.0,29.870858223999996,D1,19.8,0.52
330.5,169.6,0.0,194.9,8.1,811.0,802.3,28.0,56.619079644,D1,22.9,0.55
154.8,0.0,142.8,193.3,9.1,1047.4,696.7,28.0,12.459520796,D1,18.6,0.5
154.8,183.4,0.0,193.3,9.1,877.2,867.7,28.0,23.786922,D1,23.6,0.46
134.7,0.0,165.7,180.2,10.0,961.0,804.9,28.0,13.293786756,D1,19.9,0.49
266.2,112.3,87.5,177.9,10.4,909.7,744.5,28.0,39.421479776,D1,17.1,0.46
314.0,145.3,113.2,178.9,8.0,869.1,690.2,28.0,46.234192132,D1,20.3,0.47
312.7,144.7,0.0,127.3,8.0,999.7,822.2,28.0,44.523602176,D1,18.6,0.49
145.7,172.6,0.0,181.9,3.4,985.8,816.8,28.0,23.744174488,D1,21.7,0.46
143.8,136.3,106.2,178.1,7.5,941.5,774.3,28.0,26.147687824,D1,18.7,0.48
148.1,0.0,182.1,181.4,15.0,838.9,884.3,28.0,15.526310044,D1,19.1,0.41
277.0,116.8,91.0,190.6,7.0,946.5,665.6,28.0,43.57833058,D1,16.2,0.51
298.1,0.0,107.5,163.6,12.8,953.2,784.0,28.0,35.86585204399999,D1,19.1,0.5
313.3,145.0,0.0,178.5,8.0,1001.9,688.7,28.0,41.053469468,D1,15.2,0.46
155.2,183.9,143.2,193.8,9.2,879.6,698.5,28.0,28.991086848,D1,16.8,0.53
289.0,133.7,0.0,194.9,5.5,924.1,760.1,28.0,46.247292176,D1,21.5,0.55
147.8,175.1,0.0,171.2,2.2,1000.0,828.5,28.0,26.922658848,D1,21.6,0.42
145.4,0.0,178.9,201.7,7.8,824.0,868.7,28.0,10.535882756,D1,20.9,0.46
312.7,0.0,0.0,178.1,8.0,999.7,822.2,28.0,25.10382116,D1,18.1,0.46
136.4,161.6,125.8,171.6,10.4,922.6,764.4,28.0,29.073134492,D1,19.9,0.45
154.8,0.0,142.8,193.3,9.1,877.2,867.7,28.0,9.738159024,D1,20.0,0.54
255.3,98.8,77.0,188.6,6.5,919.0,749.3,28.0,33.798802996,D1,17.7,0.49
272.8,105.1,81.8,209.7,9.0,904.0,679.7,28.0,37.171030112,D1,23.0,0.49
162.0,190.1,148.1,178.8,18.8,838.1,741.4,28.0,33.762260768,D1,21.8,0.4
153.6,144.2,112.3,220.1,10.1,923.2,657.9,28.0,16.503987012,D1,19.6,0.53
146.5,114.6,89.3,201.9,8.8,860.0,829.5,28.0,19.98790924,D1,20.1,0.44
151.8,178.1,138.7,167.5,18.3,944.0,694.6,28.0,36.349864196,D1,20.4,0.5
309.9,142.8,111.2,167.8,22.1,913.9,651.2,28.0,38.215586251999994,D1,15.9,0.51
143.6,0.0,174.9,158.4,17.9,942.7,844.5,28.0,15.42357812,D1,19.5,0.57
303.6,139.9,0.0,213.5,6.2,895.5,722.5,28.0,33.419591196,D1,18.6,0.43
374.3,0.0,0.0,190.2,6.7,1013.2,730.4,28.0,39.056057496,D1,18.0,0.35
158.6,148.9,116.0,175.1,15.0,953.3,719.7,28.0,27.681082448,D1,19.4,0.51
152.6,238.7,0.0,200.0,6.3,1001.8,683.9,28.0,26.859916531999996,D1,23.6,0.59
310.0,142.8,0.0,167.9,10.0,914.3,804.0,28.0,45.304778484,D1,21.3,0.56
304.8,0.0,99.6,196.0,9.8,959.4,705.2,28.0,30.12320644,D1,18.9,0.51
150.9,0.0,183.9,166.6,11.6,991.2,772.2,28.0,15.569747032,D1,21.1,0.48
141.9,166.6,129.7,173.5,10.9,882.6,785.3,28.0,44.61185510399999,D1,22.8,0.54
297.8,137.2,106.9,201.3,6.0,878.4,655.3,28.0,53.524711356,D1,21.8,0.45
321.3,164.2,0.0,190.5,4.6,870.0,774.0,28.0,57.21823428799999,D1,20.1,0.52
366.0,187.0,0.0,191.3,6.6,824.3,756.9,28.0,65.909079268,D1,18.7,0.53
279.8,128.9,100.4,172.4,9.5,825.1,804.9,28.0,52.826961643999994,D1,21.4,0.55
252.1,97.1,75.6,193.8,8.3,835.5,821.4,28.0,33.399596392,D1,20.8,0.64
164.6,0.0,150.4,181.6,11.7,1023.3,728.9,28.0,18.033934256,D1,21.8,0.52
155.6,243.5,0.0,180.3,10.7,1022.0,697.7,28.0,37.363393916,D1,21.3,0.47
160.2,188.0,146.4,203.2,11.3,828.7,709.7,28.0,35.314271244,D1,22.1,0.5
298.1,0.0,107.0,186.4,6.1,879.0,815.2,28.0,42.6440906,D1,18.9,0.41
317.9,0.0,126.5,209.7,5.7,860.5,736.6,28.0,40.062002979999995,D1,22.6,0.47
287.3,120.5,93.9,187.6,9.2,904.4,695.9,28.0,43.798273423999994,D1,20.4,0.48
325.6,166.4,0.0,174.0,8.9,881.6,790.0,28.0,61.23581094,D1,24.2,0.47
355.9,0.0,141.6,193.3,11.0,801.4,778.4,28.0,40.8686899,D1,18.6,0.51
132.0,206.5,160.9,178.9,5.5,866.9,735.6,28.0,33.306517131999996,D1,23.5,0.46
322.5,148.6,0.0,185.8,8.5,951.0,709.5,28.0,52.426376088,D1,20.4,0.56
164.2,0.0,200.1,181.2,12.6,849.3,846.0,28.0,15.091250688,D1,18.7,0.5
313.8,0.0,112.6,169.9,10.1,925.3,782.9,28.0,38.461039708,D1,19.0,0.5
321.4,0.0,127.9,182.5,11.5,870.1,779.7,28.0,37.265488324,D1,19.4,0.48
139.7,163.9,127.7,236.7,5.8,868.6,655.6,28.0,35.225328839999996,D1,20.8,0.51
288.4,121.0,0.0,177.4,7.0,907.9,829.5,28.0,42.14008364399999,D1,21.0,0.54
298.2,0.0,107.0,209.7,11.1,879.6,744.2,28.0,31.875164956000003,D1,18.9,0.46
264.5,111.0,86.5,195.5,5.9,832.6,790.4,28.0,41.542307951999994,D1,20.0,0.47
159.8,250.0,0.0,168.4,12.2,1049.3,688.2,28.0,39.455953576,D1,24.3,0.48
166.0,259.7,0.0,183.2,12.7,858.8,826.8,28.0,37.917043144,D1,23.5,0.43
276.4,116.0,90.3,179.6,8.9,870.1,768.3,28.0,44.284354003999994,D1,20.9,0.46
322.2,0.0,115.6,196.0,10.4,817.9,813.4,28.0,31.178794196,D1,20.1,0.48
148.5,139.4,108.6,192.7,6.1,892.4,780.0,28.0,23.696600644,D1,20.2,0.54
159.1,186.7,0.0,175.6,11.3,989.6,788.9,28.0,32.768036376000005,D1,21.2,0.51
260.9,100.5,78.3,200.6,8.6,864.5,761.5,28.0,32.401235144,D1,18.0,0.51
